,DRG Code,Description,Cases,Price (â‚¬),SAMEDAYRV,ONEDAYRV,MULTILOWRV,INLIERRV,MULTHIGHRV,ALOS,LOWBOUND,HIGHBOUND
0,A13A,"VENTILATION >=336HRS, MAJC",120.0,534064.0,10.532,11.337,1.609,148.106,0.94,133.9,86.0,139.0
1,A13B,"VENTILATION >=336HRS, MINC",401.0,320508.0,6.063,7.112,2.097,88.883,1.48,66.3,40.0,89.0
2,A14A,"VENTILATION >=96&<336HRS, MAJC",189.0,284263.0,5.606,6.14,1.069,78.831,0.5,86.4,69.0,103.0
3,A14B,"VENTILATION >=96&<336HRS, INTC",541.0,162226.0,3.069,3.734,1.331,44.988,0.75,49.1,32.0,66.0
4,A14C,"VENTILATION >=96&<336HRS, MINC",728.0,83291.0,1.221,2.508,2.574,23.098,0.66,26.5,9.0,43.0
5,A15A,"TRACHEOSTOMY, MAJC",30.0,158534.0,5.886,6.248,0.725,43.965,0.72,70.0,53.0,87.0
6,A15B,"TRACHEOSTOMY, INTC",135.0,99010.0,5.207,5.725,1.035,27.457,0.48,39.0,22.0,56.0
7,A15C,"TRACHEOSTOMY, MINC",107.0,67269.0,3.62,4.336,1.432,18.655,0.53,28.3,11.0,45.0
8,A40Z,ECMO,32.0,236246.0,11.529,12.846,2.633,65.515,1.39,37.6,21.0,55.0
9,B01Z,VENTRICULAR SHUNT REV,99.0,11086.0,1.409,3.074,3.074,0.31,4.3,1.0,13.0,
10,B02A,"CRANIAL INTERVTN, MAJC",182.0,56096.0,3.314,3.685,0.742,15.556,0.29,34.2,17.0,51.0
11,B02B,"CRANIAL INTERVTN, INTC",625.0,23756.0,2.634,3.952,6.588,0.29,12.9,2.0,30.0,
12,B02C,"CRANIAL INTERVTN, MINC",1606.0,15829.0,1.001,2.14,4.39,0.27,7.3,2.0,24.0,
13,B03A,"SPINAL INTERVTN, MAJC",42.0,100224.0,3.658,3.963,0.611,27.794,0.44,56.8,40.0,74.0
14,B03B,"SPINAL INTERVTN, INTC",130.0,21415.0,2.721,5.939,5.939,0.37,9.6,1.0,27.0,
15,B03C,"SPINAL INTERVTN, MINC",114.0,15436.0,2.231,4.281,4.281,0.31,5.7,1.0,21.0,
16,B04A,"EXTRACRANIAL VASCULAR INTERVTN, MAJC",31.0,41489.0,3.259,3.564,0.611,11.506,0.36,31.5,14.0,48.0
17,B04B,"EXTRACRANIAL VASCULAR INTERVTN, INTC",52.0,24516.0,2.821,3.389,1.137,6.799,0.28,12.3,4.0,29.0
18,B04C,"EXTRACRANIAL VASCULAR INTERVTN, MINC",244.0,15952.0,2.394,3.07,4.424,0.28,6.0,2.0,18.0,
19,B05Z,CARPAL TUNNEL RELEASE,33.0,3181.0,0.381,0.882,0.882,0.63,2.1,1.0,6.0,
20,B06A,"CBL PSY,MUS DYSY,NPTHY INTERVT, MAJC",34.0,67723.0,1.203,1.523,0.639,18.781,0.4,44.5,28.0,62.0
21,B06B,"CBL PSY,MUS DYSY,NPTHY INTERVT, INTC",45.0,17885.0,1.193,4.96,4.96,0.38,6.9,1.0,24.0,
22,B06C,"CBL PSY,MUS DYSY,NPTHY INTERVT, MINC",97.0,13834.0,1.053,3.836,3.836,0.38,5.4,1.0,22.0,
23,B07A,"CRANL/PRPHL NERV&OTH INTERVTN, MAJC",58.0,19036.0,0.989,1.847,1.716,5.279,0.34,19.9,3.0,37.0
24,B07B,"CRANL/PRPHL NERV&OTH INTERVTN, MINC",337.0,6193.0,0.967,1.717,1.717,0.29,2.0,1.0,5.0,
25,B40Z,"PLASMAPHERESIS + NEURO DIS, SD",,795.0,0.22,0.5,0.5,0.5,,,,
26,B41A,"TELEMETRIC EEG MONITOR, MAJC",25.0,22895.0,0.449,2.416,6.349,0.81,7.5,2.0,22.0,
27,B41B,"TELEMETRIC EEG MONITOR, MINC",129.0,19345.0,0.448,1.432,1.967,5.365,0.89,6.3,3.0,15.0
28,B42A,"NERV SYS DIS +VENT SUPP, MAJC",53.0,56366.0,0.422,1.03,1.217,15.631,0.44,30.1,13.0,47.0
29,B42B,"NERV SYS DIS +VENT SUPP, INTC",75.0,35288.0,0.408,3.534,9.786,0.48,19.4,2.0,36.0,
30,B42C,"NERV SYS DIS +VENT SUPP, MINC",85.0,14548.0,0.408,4.034,4.034,0.52,3.7,1.0,10.0,
31,B62Z,APHERESIS,1.0,3733.0,0.231,1.035,1.035,0.25,1.3,1.0,2.0,
32,B63A,"DMNTIA&CHRNIC DIST CBL FN, MAJC",607.0,34761.0,0.141,0.314,0.345,9.64,0.26,44.8,28.0,62.0
33,B63B,"DMNTIA&CHRNIC DIST CBL FN, MINC",1010.0,15612.0,0.107,0.576,0.938,4.329,0.2,21.8,5.0,39.0
34,B64A,"DELIRIUM, MAJC",705.0,11884.0,0.121,1.179,3.296,0.21,18.1,2.0,35.0,
35,B64B,"DELIRIUM, MINC",1606.0,5409.0,0.12,1.5,1.5,0.19,8.0,1.0,25.0,
36,B65Z,CEREBRAL PALSY,23.0,9487.0,0.269,2.631,2.631,0.38,7.4,1.0,24.0,
37,B66A,"NERVOUS SYSTEM NEOPLASM, MAJC",334.0,16393.0,0.166,1.042,1.752,4.546,0.24,20.1,3.0,37.0
38,B66B,"NERVOUS SYSTEM NEOPLASM, MINC",1084.0,8065.0,0.147,2.237,2.237,0.24,8.4,1.0,25.0,
39,B67A,"DEGNRTV NERV SYS DIS, MAJC",436.0,29340.0,0.5,0.764,0.527,8.137,0.31,32.0,15.0,49.0
40,B67B,"DEGNRTV NERV SYS DIS, INTC",921.0,11895.0,0.5,3.299,3.299,0.26,11.0,1.0,28.0,
41,B67C,"DEGNRTV NERV SYS DIS, MINC",382.0,7607.0,0.499,2.109,2.109,0.25,6.1,1.0,23.0,
42,B68A,"MLT SCLROSIS&CBL ATAXIA, MAJC",289.0,15059.0,0.706,4.176,4.176,0.32,13.3,1.0,30.0,
43,B68B,"MLT SCLROSIS&CBL ATAXIA, MINC",404.0,7244.0,0.692,2.009,2.009,0.33,5.5,1.0,21.0,
44,B69A,"TIA & PRECEREBRL OCCLUSN, MAJC",385.0,8040.0,0.148,0.842,2.23,0.17,11.6,2.0,29.0,
45,B69B,"TIA & PRECEREBRL OCCLUSN, MINC",2675.0,3433.0,0.147,0.952,0.952,0.18,4.3,1.0,14.0,
46,B70A,"STROKE & OTH CEREB DIS, MAJC",1051.0,37765.0,0.206,0.434,0.456,10.473,0.27,40.1,23.0,57.0
47,B70B,"STROKE & OTH CEREB DIS, INTC",2050.0,12656.0,0.167,1.281,3.51,0.23,18.0,2.0,35.0,
48,B70C,"STROKE & OTH CEREB DIS, MINC",4067.0,7802.0,0.167,0.832,2.164,0.21,8.8,2.0,26.0,
49,B70D,"STROKE & OTH CEREB DIS, TR<5D",365.0,3305.0,0.167,0.917,0.917,0.25,2.1,1.0,5.0,
50,B71A,"CRANIAL&PERIPHL NERV DIS, MAJC",869.0,12403.0,0.111,3.44,3.44,0.34,11.2,1.0,28.0,
51,B71B,"CRANIAL&PERIPHL NERV DIS, MINC",831.0,6774.0,0.111,1.879,1.879,0.44,4.3,1.0,16.0,
52,B72A,"NRVS SYS INF EX VRL MNGTS, MAJC",319.0,28722.0,0.558,1.381,1.646,7.965,0.4,22.1,5.0,39.0
53,B72B,"NRVS SYS INF EX VRL MNGTS, MINC",236.0,13406.0,0.557,1.61,3.718,0.34,10.2,2.0,27.0,
54,B73A,"VIRAL MENINGITIS, MAJC",41.0,13982.0,0.173,0.914,1.482,3.878,0.32,10.5,3.0,27.0
55,B73B,"VIRAL MENINGITIS, MINC",214.0,6009.0,0.146,0.653,1.667,0.28,4.7,2.0,14.0,
56,B74A,"NONTRAUMATIC STUPOR&COMA, MAJC",58.0,6639.0,0.169,1.841,1.841,0.32,8.8,1.0,26.0,
57,B74B,"NONTRAUMATIC STUPOR&COMA, MINC",147.0,4208.0,0.153,1.167,1.167,0.26,3.7,1.0,13.0,
58,B75Z,FEBRILE CONVULSIONS,464.0,4450.0,0.212,1.234,1.234,0.67,1.8,1.0,4.0,
59,B76A,"SEIZURES, MAJC",2182.0,9493.0,0.21,2.633,2.633,0.31,8.6,1.0,26.0,
60,B76B,"SEIZURES, MINC",5504.0,4195.0,0.123,1.163,1.163,0.3,3.0,1.0,10.0,
61,B77A,"HEADACHES, MAJC",1539.0,4390.0,0.135,1.217,1.217,0.22,4.6,1.0,17.0,
62,B77B,"HEADACHES, MINC",8499.0,2619.0,0.1,0.726,0.726,0.23,2.6,1.0,8.0,
63,B78A,"INTRACRANIAL INJURIES, MAJC",381.0,24199.0,0.172,0.434,0.523,6.711,0.28,29.8,13.0,47.0
64,B78B,"INTRACRANIAL INJURIES, MINC",1233.0,5670.0,0.131,1.572,1.572,0.23,7.6,1.0,25.0,
65,B78C,"INTRACRANIAL INJURIES, TR<5D",75.0,2917.0,0.123,0.809,0.809,0.23,2.0,1.0,5.0,
66,B79A,"SKULL FRACTURES, MAJC",107.0,11088.0,0.17,3.075,3.075,0.25,10.5,1.0,28.0,
67,B79B,"SKULL FRACTURES, MINC",271.0,3130.0,0.121,0.868,0.868,0.21,3.1,1.0,10.0,
68,B80A,"OTHER HEAD INJURIES, MAJC",450.0,7399.0,0.147,2.052,2.052,0.23,10.5,1.0,28.0,
69,B80B,"OTHER HEAD INJURIES, MINC",1372.0,1893.0,0.144,0.525,0.525,0.22,1.7,1.0,4.0,
70,B81A,"OTHER DIS OF NERVOUS SYS, MAJC",1316.0,11583.0,0.149,3.212,3.212,0.22,16.6,1.0,34.0,
71,B81B,"OTHER DIS OF NERVOUS SYS, MINC",5097.0,5400.0,0.121,1.498,1.498,0.21,6.3,1.0,23.0,
72,B82A,"CHRONIC & UNSP PARA/QUAD, MAJC",139.0,34535.0,0.306,0.677,0.742,9.577,0.44,30.3,13.0,47.0
73,B82B,"CHRONIC & UNSP PARA/QUAD, INTC",94.0,11584.0,0.296,1.268,3.213,0.37,10.6,2.0,28.0,
74,B82C,"CHRONIC & UNSP PARA/QUAD, MINC",100.0,7661.0,0.296,2.125,2.125,0.32,7.7,1.0,25.0,
75,B83A,"AC PARA/QUAD&SPINAL CORD, MAJC",85.0,68266.0,0.354,0.669,0.63,18.932,0.38,47.2,30.0,64.0
76,B83B,"AC PARA/QUAD&SPINAL CORD, INTC",74.0,16975.0,0.227,1.72,4.708,0.29,16.0,2.0,33.0,
77,B83C,"AC PARA/QUAD&SPINAL CORD, MINC",88.0,11066.0,0.225,1.173,3.069,0.4,9.7,2.0,27.0,
78,C01Z,INTERVTN FOR PENETRTNG EYE INJ,58.0,19416.0,1.799,5.385,5.385,1.06,3.3,1.0,11.0,
79,C02A,"ENUCLE & ORBITAL INTERVTN, MAJC",44.0,41611.0,1.5,11.539,11.539,0.71,5.8,1.0,23.0,
80,C02B,"ENUCLE & ORBITAL INTERVTN, MINC",81.0,10167.0,1.316,2.82,2.82,0.84,1.7,1.0,4.0,
81,C03A,"RETINAL INTERVENTIONS, MAJC",1017.0,5591.0,0.69,1.551,1.551,0.3,2.0,1.0,5.0,
82,C03B,"RETINAL INTERVENTIONS, MINC",458.0,4130.0,0.536,1.145,1.145,0.36,1.6,1.0,4.0,
83,C04A,"MJR CORN,SCLERL&CNJNCT INTERVT, MAJC",48.0,30124.0,1.858,8.354,8.354,0.88,5.7,1.0,23.0,
84,C04B,"MJR CORN,SCLERL&CNJNCT INTERVT, MINC",231.0,9324.0,1.371,2.586,2.586,0.82,1.5,1.0,3.0,
85,C05Z,DACRYOCYSTORHINOSTOMY,73.0,6745.0,1.245,1.871,1.871,0.43,1.1,1.0,1.0,
86,C10Z,STRABISMUS INTERVENTIONS,46.0,4775.0,0.851,1.324,1.324,0.0,1.0,1.0,1.0,
87,C11Z,EYELID INTERVENTIONS,71.0,8766.0,0.419,2.431,2.431,0.33,1.4,1.0,3.0,
88,C12A,"OTH CORN SCLERAL&CONJ INTERVTN,",51.0,11085.0,0.637,3.074,3.074,0.51,4.1,1.0,15.0,
89,C12A,MAJC,51.0,11085.0,0.637,3.074,3.074,0.51,4.1,1.0,15.0,
90,C12B,"OTH CORN SCLERAL&CONJ INTERVTN, MINC",26.0,9908.0,0.468,2.748,2.748,0.53,3.3,1.0,12.0,
91,C13Z,LACRIMAL INTERVENTIONS,5.0,2879.0,0.31,0.798,0.798,0.0,8.3,1.0,25.0,
92,C14A,"OTHER EYE INTERVENTIONS, MAJC",56.0,9188.0,0.296,1.046,2.548,0.32,5.7,2.0,17.0,
93,C14B,"OTHER EYE INTERVENTIONS, MINC",78.0,5033.0,0.296,1.396,1.396,0.34,1.8,1.0,4.0,
94,C15A,"GLAUCOMA/CMPLX CATARACT INTERV,",41.0,11680.0,1.166,3.239,3.239,0.56,3.8,1.0,15.0,
95,C15B,"GLAUCOMA/CMPLX CATARACT INTERV,",242.0,7248.0,0.239,2.01,2.01,0.52,1.4,1.0,3.0,
96,C15B,MINC,242.0,7248.0,0.239,2.01,2.01,0.52,1.4,1.0,3.0,
97,C16Z,LENS INTERVENTIONS,141.0,5236.0,0.325,1.452,1.452,0.53,1.4,1.0,3.0,
98,C60A,"AC & MJR EYE INFECTIONS, MAJC",79.0,21602.0,0.3,2.197,5.991,0.38,9.1,2.0,26.0,
99,C60B,"AC & MJR EYE INFECTIONS, MINC",195.0,11930.0,0.3,1.303,3.308,0.65,5.6,2.0,17.0,
100,C61A,"NEURO & VASCLR DIS EYE, MAJC",419.0,7042.0,0.175,1.953,1.953,0.27,6.7,1.0,24.0,
101,C61B,"NEURO & VASCLR DIS EYE, MINC",686.0,4959.0,0.174,1.375,1.375,0.34,4.0,1.0,12.0,
102,C62A,"HYPH & MED M TRAUMA EYE, MAJC",180.0,11464.0,0.159,3.179,3.179,0.26,11.7,1.0,29.0,
103,C62B,"HYPH & MED M TRAUMA EYE, MINC",293.0,4449.0,0.159,1.234,1.234,0.24,3.2,1.0,11.0,
104,C63A,"OTH DIS OF THE EYE, MAJC",222.0,7418.0,0.124,2.057,2.057,0.25,5.7,1.0,22.0,
105,C63B,"OTH DIS OF THE EYE, MINC",1278.0,3622.0,0.124,1.004,1.004,0.31,3.0,1.0,10.0,
106,D01Z,COCHLEAR IMPLANT,114.0,78255.0,20.28,21.702,21.702,0.11,2.0,1.0,5.0,
107,D02A,"HEAD & NECK INTERVENTIONS, MAJC",48.0,44098.0,4.02,4.767,1.493,12.229,0.38,23.1,6.0,40.0
108,D02B,"HEAD & NECK INTERVENTIONS, INTC",91.0,26249.0,2.957,4.398,7.279,0.4,8.7,2.0,26.0,
109,D02C,"HEAD & NECK INTERVENTIONS, MINC",115.0,12086.0,1.774,3.352,3.352,0.37,3.4,1.0,12.0,
110,D03A,"REPR CLEFT LIP/PALATE, MAJC",56.0,16409.0,2.533,4.551,4.551,1.05,2.5,1.0,7.0,
111,D03B,"REPR CLEFT LIP/PALATE, MINC",65.0,15547.0,2.533,4.311,4.311,1.16,2.3,1.0,6.0,
112,D04A,"MAXILLO SURGERY, MAJC",62.0,11796.0,1.972,3.271,3.271,0.5,5.5,1.0,18.0,
113,D04B,"MAXILLO SURGERY, MINC",588.0,8067.0,1.464,2.237,2.237,0.4,2.5,1.0,6.0,
114,D05Z,PAROTID GLAND INTERVENTIONS,154.0,12504.0,2.612,3.468,3.468,0.32,1.6,1.0,3.0,
115,D06Z,SINUS & COMPLEX MIDDLE EAR INT,593.0,9410.0,1.673,2.61,2.61,0.3,1.4,1.0,3.0,
116,D10Z,NASAL INTERVENTIONS,471.0,8812.0,1.357,2.444,2.444,0.34,1.3,1.0,2.0,
117,D11Z,"TONSILLECTOMY, ADENOIDECTOMY",3229.0,6259.0,0.691,1.736,1.736,0.37,1.1,1.0,2.0,
118,D12A,"OTH EAR,NOSE,MTH&THRT INTERVTN, MAJC",93.0,12923.0,1.027,3.584,3.584,0.33,10.8,1.0,28.0,
119,D12B,"OTH EAR,NOSE,MTH&THRT INTERVTN, MINC",397.0,6538.0,0.708,1.813,1.813,0.27,2.1,1.0,6.0,
120,D13Z,MYRINGOTOMY + TUBE INSERTION,75.0,3585.0,0.449,0.994,0.994,0.21,3.0,1.0,10.0,
121,D14A,"MOUTH&SALIVRY GLAND INTERVTN, MAJC",170.0,7281.0,0.804,2.019,2.019,0.37,3.7,1.0,12.0,
122,D14B,"MOUTH&SALIVRY GLAND INTERVTN, MINC",172.0,5204.0,0.322,1.443,1.443,0.37,2.2,1.0,6.0,
123,D15Z,MASTOID INTERVENTIONS,259.0,14908.0,3.039,4.134,4.134,0.34,1.4,1.0,3.0,
124,D40Z,DENTAL EXTRACT & RESTORATIONS,334.0,5956.0,0.866,1.652,1.652,0.24,2.5,1.0,7.0,
125,D60A,"EAR,NOSE,MTH&THRT MALIG, MAJC",239.0,20232.0,0.306,1.064,1.516,5.611,0.26,21.2,4.0,38.0
126,D60B,"EAR,NOSE,MTH&THRT MALIG, MINC",466.0,7571.0,0.206,2.099,2.099,0.23,6.3,1.0,23.0,
127,D61A,"DYSEQUILIBRIUM, MAJC",971.0,3973.0,0.119,1.102,1.102,0.2,5.8,1.0,22.0,
128,D61B,"DYSEQUILIBRIUM, MINC",5503.0,2632.0,0.1,0.73,0.73,0.18,3.1,1.0,10.0,
129,D62A,"EPISTAXIS, MAJC",105.0,9201.0,0.154,2.552,2.552,0.21,8.3,1.0,25.0,
130,D62B,"EPISTAXIS, MINC",716.0,3008.0,0.144,0.834,0.834,0.28,2.5,1.0,7.0,
131,D63A,"OTITIS MEDIA&UPP RESP INF, MAJC",3313.0,6571.0,0.153,1.822,1.822,0.39,3.8,1.0,13.0,
132,D63B,"OTITIS MEDIA&UPP RESP INF, MINC",7382.0,3291.0,0.116,0.913,0.913,0.36,1.8,1.0,4.0,
133,D64A,"LARYNGOTRTIS&EPIGLOTTITIS, MAJC",104.0,6732.0,0.465,1.867,1.867,0.91,2.4,1.0,7.0,
134,D64B,"LARYNGOTRTIS&EPIGLOTTITIS, MINC",430.0,2985.0,0.267,0.828,0.828,0.53,1.3,1.0,2.0,
135,D65A,"NASAL TRAUMA & DEFORMITY, MAJC",105.0,6677.0,0.252,1.852,1.852,0.19,10.1,1.0,27.0,
136,D65B,"NASAL TRAUMA & DEFORMITY, MINC",349.0,2728.0,0.214,0.756,0.756,0.2,2.1,1.0,5.0,
137,D66A,"OTH EAR,NOSE,MTH&THRT DIS, MAJC",499.0,4696.0,0.27,1.302,1.302,0.17,5.0,1.0,20.0,
138,D66B,"OTH EAR,NOSE,MTH&THRT DIS, MINC",1171.0,1640.0,0.25,0.455,0.455,0.25,1.5,1.0,3.0,
139,D67A,"ORAL & DENTAL DISORDERS, MAJC",353.0,8857.0,0.225,2.456,2.456,0.34,6.6,1.0,24.0,
140,D67B,"ORAL & DENTAL DISORDERS, MINC",874.0,3716.0,0.216,1.031,1.031,0.29,2.4,1.0,7.0,
141,E01A,"MAJOR CHEST INTERVENTIONS, MAJC",41.0,45767.0,3.219,3.506,0.574,12.692,0.27,33.5,17.0,51.0
142,E01B,"MAJOR CHEST INTERVENTIONS, INTC",181.0,29096.0,2.925,3.66,1.47,8.069,0.27,16.8,4.0,34.0
143,E01C,"MAJOR CHEST INTERVENTIONS, MINC",777.0,18782.0,2.38,2.946,1.131,5.209,0.3,8.9,3.0,21.0
144,E02A,"OTHER RESPIRATORY SYS GI, MAJC",180.0,32887.0,1.057,1.79,1.466,9.12,0.44,23.4,6.0,40.0
145,E02B,"OTHER RESPIRATORY SYS GI, INTC",339.0,14840.0,0.504,1.72,4.115,0.29,8.3,2.0,25.0,
146,E02C,"OTHER RESPIRATORY SYS GI, MINC",86.0,5071.0,0.36,1.406,1.406,0.4,1.3,1.0,3.0,
147,E03Z,LUNG OR HEART-LUNG TRANSPLANT,22.0,335937.0,14.252,14.99,1.475,93.162,1.37,70.7,54.0,88.0
148,E40A,"RESP SYS DIS, VENT SUPP, MAJC",97.0,48084.0,0.437,1.196,1.517,13.334,0.4,26.4,9.0,43.0
149,E40B,"RESP SYS DIS, VENT SUPP, MINC",194.0,25581.0,0.308,2.57,7.094,0.41,11.6,2.0,29.0,
150,E41A,"RESP SYS DIS,NON-INV VENT, MAJC",886.0,27596.0,0.213,1.039,1.653,7.653,0.31,22.1,5.0,39.0
151,E41B,"RESP SYS DIS,NON-INV VENT, MINC",2259.0,13320.0,0.143,0.853,1.42,3.694,0.26,11.4,3.0,28.0
152,E42A,"BRONCHOSCOPY, MAJC",412.0,22169.0,0.347,0.992,1.289,6.148,0.27,22.2,5.0,39.0
153,E42B,"BRONCHOSCOPY, INTC",512.0,12061.0,0.305,1.326,3.345,0.25,11.3,2.0,28.0,
154,E42C,"BRONCHOSCOPY, MINC",382.0,6807.0,0.298,1.888,1.888,0.24,6.3,1.0,23.0,
155,E60A,"CYSTIC FIBROSIS, MAJC",145.0,22347.0,0.233,1.085,1.704,6.197,0.43,17.6,4.0,35.0
156,E60B,"CYSTIC FIBROSIS, MINC",399.0,18736.0,0.215,1.883,5.196,0.43,10.1,2.0,27.0,
157,E61A,"PULMONARY EMBOLISM, MAJC",591.0,9260.0,0.159,0.962,2.568,0.24,11.7,2.0,29.0,
158,E61B,"PULMONARY EMBOLISM, MINC",1220.0,4221.0,0.156,1.17,1.17,0.22,4.9,1.0,17.0,
159,E62A,"RESPIR INFECTN/INFLAMM, MAJC",7720.0,12400.0,0.141,1.24,3.439,0.24,13.8,2.0,31.0,
160,E62B,"RESPIR INFECTN/INFLAMM, MINC",9018.0,5760.0,0.124,1.597,1.597,0.23,6.5,1.0,23.0,
161,E63A,"SLEEP APNOEA, MAJC",168.0,3016.0,0.163,0.836,0.836,0.31,3.2,1.0,11.0,
162,E63B,"SLEEP APNOEA, MINC",1089.0,1110.0,0.148,0.308,0.308,0.29,1.1,1.0,2.0,
163,E64A,"PULM OEDEMA & RESP FAIL, MAJC",173.0,14949.0,0.144,1.478,4.146,0.21,13.8,2.0,31.0,
164,E64B,"PULM OEDEMA & RESP FAIL, MINC",298.0,7417.0,0.125,2.057,2.057,0.23,7.1,1.0,24.0,
165,E65A,"CHORNIC OBSTR AIRWAY DIS, MAJC",3180.0,8103.0,0.109,0.822,2.247,0.19,11.8,2.0,29.0,
166,E65B,"CHORNIC OBSTR AIRWAY DIS, MINC",8964.0,3878.0,0.1,1.075,1.075,0.17,5.4,1.0,19.0,
167,E66A,"MAJOR CHEST TRAUMA, MAJC",271.0,11050.0,0.154,1.124,3.064,0.23,15.3,2.0,32.0,
168,E66B,"MAJOR CHEST TRAUMA, MINC",490.0,3975.0,0.115,1.102,1.102,0.22,4.7,1.0,17.0,
169,E67A,"RESP SIGNS & SYMPTOMS, MAJC",1823.0,5942.0,0.134,1.648,1.648,0.29,5.8,1.0,23.0,
170,E67B,"RESP SIGNS & SYMPTOMS, MINC",7307.0,3124.0,0.109,0.866,0.866,0.28,2.3,1.0,6.0,
171,E68A,"PNEUMOTHORAX, MAJC",257.0,8542.0,0.148,0.888,2.369,0.24,10.3,2.0,27.0,
172,E68B,"PNEUMOTHORAX, MINC",571.0,3953.0,0.121,1.096,1.096,0.23,4.1,1.0,13.0,
173,E69A,"BRONCHITIS & ASTHMA, MAJC",856.0,6538.0,0.135,1.813,1.813,0.36,5.4,1.0,20.0,
174,E69B,"BRONCHITIS & ASTHMA, MINC",2853.0,3826.0,0.134,1.061,1.061,0.3,2.6,1.0,8.0,
175,E70A,"WHOOPNG CGH&ACTE BRNCHIO, MAJC",366.0,13319.0,0.391,3.694,3.694,0.71,4.4,1.0,15.0,
176,E70B,"WHOOPNG CGH&ACTE BRNCHIO, MINC",2912.0,8039.0,0.198,2.229,2.229,0.78,2.7,1.0,8.0,
177,E71A,"RESPIRATORY NEOPLASMS, MAJC",701.0,13770.0,0.222,1.421,3.819,0.25,15.2,2.0,32.0,
178,E71B,"RESPIRATORY NEOPLASMS, MINC",1332.0,6997.0,0.221,1.94,1.94,0.25,6.6,1.0,24.0,
179,E72Z,RESP PROBS FROM NEONATL PERIOD,35.0,22186.0,0.643,6.153,6.153,1.28,5.8,1.0,23.0,
180,E73A,"PLEURAL EFFUSION, MAJC",205.0,15448.0,0.176,0.998,1.643,4.284,0.28,16.6,3.0,34.0
181,E73B,"PLEURAL EFFUSION, INTC",411.0,8513.0,0.147,0.885,2.361,0.25,9.4,2.0,26.0,
182,E73C,"PLEURAL EFFUSION, MINC",395.0,6299.0,0.134,1.747,1.747,0.25,6.1,1.0,22.0,
183,E74A,"INTERSTITIAL LUNG DIS, MAJC",342.0,11465.0,0.332,1.281,3.18,0.24,13.5,2.0,30.0,
184,E74B,"INTERSTITIAL LUNG DIS, MINC",557.0,6212.0,0.332,1.723,1.723,0.25,6.8,1.0,24.0,
185,E75A,"OTHER RESP SYS DIS, MAJC",7038.0,8242.0,0.15,0.867,2.286,0.2,9.4,2.0,26.0,
186,E75B,"OTHER RESP SYS DIS, MINC",6973.0,3515.0,0.102,0.975,0.975,0.23,3.6,1.0,12.0,
187,E76A,"RESPIRATORY TUBERCULOSIS, MAJC",33.0,25365.0,0.146,0.508,0.725,7.034,0.27,26.7,10.0,44.0
188,E76B,"RESPIRATORY TUBERCULOSIS, MINC",39.0,8793.0,0.126,2.438,2.438,0.24,10.2,1.0,27.0,
189,E77A,"BRONCHIECTASIS, MAJC",99.0,8540.0,0.143,0.588,0.89,2.368,0.22,16.4,3.0,33.0
190,E77B,"BRONCHIECTASIS, MINC",331.0,6056.0,0.07,0.608,1.679,0.2,7.9,2.0,25.0,
191,F01A,"IMPL/REPL AICD, TOT SYS, MAJC",76.0,46418.0,5.948,7.333,2.77,12.873,0.53,15.9,3.0,33.0
192,F01B,"IMPL/REPL AICD, TOT SYS, MINC",198.0,26367.0,5.436,7.312,7.312,0.59,4.5,1.0,20.0,
193,F02Z,OTHER AICD INTERVENTIONS,29.0,15977.0,2.139,4.431,4.431,0.43,4.1,1.0,16.0,
194,F03A,"CRD VLV INTERVTN+PMP+INV INVES, MAJC",27.0,70953.0,7.423,7.737,0.628,19.677,0.37,36.9,20.0,54.0
195,F03B,"CRD VLV INTERVTN+PMP+INV INVES, MINC",107.0,52054.0,7.04,8.097,2.113,14.436,0.23,19.3,4.0,36.0
196,F04A,"CRD VLV INTERVTN+PMP-INV INVES, MAJC",61.0,80201.0,6.485,7.315,1.659,22.241,0.4,26.6,10.0,44.0
197,F04B,"CRD VLV INTERVTN+PMP-INV INVES, INTC",177.0,50628.0,5.394,6.629,2.47,14.04,0.41,13.7,4.0,31.0
198,F04C,"CRD VLV INTERVTN+PMP-INV INVES, MINC",525.0,40253.0,5.341,7.282,11.163,0.23,8.6,2.0,26.0,
199,F05A,"CRNRY BYPSS+INV INVES, MAJC",32.0,65782.0,4.587,5.093,1.012,18.242,0.35,30.9,14.0,48.0
200,F05B,"CRNRY BYPSS+INV INVES, MINC",138.0,45093.0,4.307,4.853,1.093,12.505,0.23,17.4,8.0,33.0
201,F06A,"CRNRY BYPSS-INV INVES, MAJC",46.0,50579.0,4.085,4.989,1.807,14.026,0.37,21.9,6.0,39.0
202,F06B,"CRNRY BYPSS-INV INVES, INTC",145.0,34430.0,4.008,4.624,1.231,9.548,0.33,11.9,5.0,24.0
203,F06C,"CRNRY BYPSS-INV INVES, MINC",371.0,30040.0,3.721,4.233,1.024,8.331,0.26,9.2,5.0,16.0
204,F07A,"OTH CARDTHOR/VASC INTERVTN+PMP,",25.0,78736.0,5.382,6.878,2.991,21.835,0.74,22.7,6.0,40.0
205,F07A,MAJC,25.0,78736.0,5.382,6.878,2.991,21.835,0.74,22.7,6.0,40.0
206,F07B,"OTH CARDTHOR/VASC INTERVTN+PMP, INTC",30.0,61948.0,4.295,5.726,2.863,17.179,0.53,12.5,5.0,29.0
207,F07C,"OTH CARDTHOR/VASC INTERVTN+PMP,",92.0,42542.0,4.1,5.2,2.199,11.798,0.6,9.0,4.0,18.0
208,F07C,MINC,92.0,42542.0,4.1,5.2,2.199,11.798,0.6,9.0,4.0,18.0
209,F08A,"MJR RECNSTR VASC INTERVTN-PUMP, MAJC",72.0,74651.0,6.922,7.366,0.889,20.702,0.36,32.8,16.0,50.0
210,F08B,"MJR RECNSTR VASC INTERVTN-PUMP, INTC",228.0,40134.0,5.515,6.638,2.246,11.13,0.32,15.6,3.0,33.0
211,F08C,"MJR RECNSTR VASC INTERVTN-PUMP, MINC",423.0,29486.0,4.75,5.893,8.177,0.39,9.6,2.0,27.0,
212,F09A,"OTH CARDIOTHR INTERVTN-CPB PMP, MAJC",71.0,38426.0,2.582,5.274,10.656,0.56,15.1,2.0,32.0,
213,F09B,"OTH CARDIOTHR INTERVTN-CPB PMP, MINC",55.0,12817.0,1.478,3.554,3.554,0.51,5.6,1.0,23.0,
214,F10A,"INTERVENTIONAL CRNRY PR + AMI, MAJC",276.0,19955.0,0.851,2.412,5.534,0.37,12.2,2.0,29.0,
215,F10B,"INTERVENTIONAL CRNRY PR + AMI, MINC",2198.0,8857.0,0.842,1.38,2.456,0.41,4.2,2.0,11.0,
216,F11A,"AMP CIRC DIS-UP LMB&TOE, MAJC",60.0,119764.0,6.103,6.335,0.463,33.213,0.25,76.4,59.0,93.0
217,F11B,"AMP CIRC DIS-UP LMB&TOE, MINC",139.0,50156.0,3.517,3.876,0.717,13.909,0.39,32.3,15.0,49.0
218,F12A,"IMPL/REPL PM, TOT SYS, MAJC",266.0,20789.0,2.019,3.268,5.765,0.37,13.8,2.0,31.0,
219,F12B,"IMPL/REPL PM, TOT SYS, MINC",606.0,11779.0,1.459,3.267,3.267,0.26,4.2,1.0,16.0,
220,F13A,"AMP CIRC DIS,UPP LMB&TOE, MAJC",28.0,29178.0,1.446,1.762,0.633,8.092,0.24,28.1,11.0,45.0
221,F13B,"AMP CIRC DIS,UPP LMB&TOE, MINC",92.0,14666.0,1.191,2.15,4.067,0.3,12.6,2.0,30.0,
222,F14A,"VASC INTERVTN-MJR RECONSTR-PMP,",139.0,37025.0,2.037,3.683,3.292,10.268,0.3,20.1,3.0,37.0
223,F14A,MAJC,139.0,37025.0,2.037,3.683,3.292,10.268,0.3,20.1,3.0,37.0
224,F14B,"VASC INTERVTN-MJR RECONSTR-PMP, INTC",404.0,17220.0,1.609,4.775,4.775,0.33,8.3,1.0,25.0,
225,F14C,"VASC INTERVTN-MJR RECONSTR-PMP, MINC",420.0,10588.0,1.127,2.936,2.936,0.37,5.5,1.0,22.0,
226,F17A,"INSERT/REPLACE PACEM GEN, MAJC",33.0,17767.0,2.241,4.927,4.927,0.39,10.8,1.0,28.0,
227,F17B,"INSERT/REPLACE PACEM GEN, MINC",29.0,6314.0,1.495,1.751,1.751,1.18,1.5,1.0,3.0,
228,F18Z,OTHER PACEMAKER INTERVENTIONS,80.0,14143.0,1.43,3.922,3.922,0.31,7.3,1.0,24.0,
229,F19A,"TRNS-VSCLR PERC CRDC INTERVTN, MAJC",30.0,42060.0,3.527,11.664,11.664,0.45,7.1,1.0,24.0,
230,F19B,"TRNS-VSCLR PERC CRDC INTERVTN, MINC",117.0,9887.0,3.428,2.742,2.742,0.3,1.4,1.0,3.0,
231,F20Z,VEIN LIGATION & STRIPPING,86.0,7831.0,0.647,2.172,2.172,0.36,1.7,1.0,4.0,
232,F21A,"OTH CIRCULATORY SYS GI, MAJC",13.0,75683.0,2.086,2.396,0.62,20.988,0.33,47.6,31.0,65.0
233,F21B,"OTH CIRCULATORY SYS GI, INTC",40.0,24266.0,1.199,3.042,6.729,0.52,17.7,2.0,35.0,
234,F21C,"OTH CIRCULATORY SYS GI, MINC",87.0,13407.0,1.104,3.718,3.718,0.33,5.7,1.0,23.0,
235,F22Z,INSERT ARTIFICIAL HEART DEVICE,6.0,318945.0,29.539,30.147,1.215,88.449,0.8,65.8,49.0,83.0
236,F23Z,HEART TRANSPLANT,7.0,366561.0,13.944,14.603,1.319,101.654,0.99,83.6,67.0,101.0
237,F24A,"INTERVENTIONAL CRNRY PR-AMI, MAJC",209.0,15845.0,1.085,4.394,4.394,0.38,10.5,1.0,27.0,
238,F24B,"INTERVENTIONAL CRNRY PR-AMI, MINC",1882.0,7450.0,0.846,2.066,2.066,0.34,2.5,1.0,8.0,
239,F40A,"CIRC DIS +VENT SUPP, MAJC",44.0,52976.0,0.569,1.399,1.661,14.691,0.56,26.2,9.0,43.0
240,F40B,"CIRC DIS +VENT SUPP, MINC",57.0,22361.0,0.492,6.201,6.201,0.49,5.0,1.0,17.0,
241,F41A,"CRC DSRD+AMI+INVA INV INTERVTN, MAJC",112.0,15905.0,0.467,1.256,1.577,4.411,0.44,12.1,3.0,29.0
242,F41B,"CRC DSRD+AMI+INVA INV INTERVTN, MINC",794.0,7930.0,0.424,2.199,2.199,0.36,4.7,1.0,14.0,
243,F42A,"CIRC DIS-AMI+INVA INV INTERVTN, MAJC",748.0,14233.0,0.513,1.658,3.947,0.44,10.6,2.0,28.0,
244,F42B,"CIRC DIS-AMI+INVA INV INTERVTN, MINC",2725.0,5562.0,0.353,1.542,1.542,0.31,3.7,1.0,12.0,
245,F43A,"CIRC DIS +N-INVAS VENT, MAJC",107.0,36306.0,0.446,0.778,0.664,10.068,0.33,31.9,15.0,49.0
246,F43B,"CIRC DIS +N-INVAS VENT, MINC",200.0,16724.0,0.155,1.052,1.793,4.638,0.23,15.1,3.0,32.0
247,F60A,CIRC DIS+AMI-INVA INV PR,2563.0,8726.0,0.15,2.42,2.42,0.27,6.8,1.0,24.0,
248,F60B,"CIRC DIS+AMI-INVA INV PR,T<5D",481.0,2223.0,0.15,0.617,0.617,0.29,2.1,1.0,5.0,
249,F61A,"INFECTIVE ENDOCARDITIS, MAJC",99.0,50051.0,0.522,0.865,0.685,13.88,0.44,37.2,20.0,54.0
250,F61B,"INFECTIVE ENDOCARDITIS, MINC",63.0,20628.0,0.221,1.007,1.571,5.72,0.32,19.9,4.0,37.0
251,F62A,"HEART FAILURE & SHOCK, MAJC",1971.0,13585.0,0.144,0.869,1.449,3.767,0.23,15.9,3.0,33.0
252,F62B,"HEART FAILURE & SHOCK, MINC",4507.0,6184.0,0.113,0.647,1.715,0.22,7.3,2.0,24.0,
253,F62C,"HEART FAILURE & SHOCK, TR<5D",121.0,2496.0,0.113,0.692,0.692,0.28,2.2,1.0,6.0,
254,F63A,"VENOUS THROMBOSIS, MAJC",729.0,6644.0,0.126,1.843,1.843,0.2,7.7,1.0,25.0,
255,F63B,"VENOUS THROMBOSIS, MINC",1744.0,2955.0,0.123,0.819,0.819,0.2,3.6,1.0,12.0,
256,F64A,"SKN ULCERS IN CIRC DIS, MAJC",147.0,16965.0,0.205,0.847,1.286,4.705,0.23,20.8,4.0,38.0
257,F64B,"SKN ULCERS IN CIRC DIS, INTC",157.0,10625.0,0.204,1.118,2.947,0.3,11.0,2.0,28.0,
258,F64C,"SKN ULCERS IN CIRC DIS, MINC",129.0,6428.0,0.114,1.783,1.783,0.2,8.4,1.0,25.0,
259,F65A,"PERIPHERAL VASCULAR DIS, MAJC",478.0,10433.0,0.181,1.085,2.893,0.25,14.9,2.0,32.0,
260,F65B,"PERIPHERAL VASCULAR DIS, MINC",1079.0,5623.0,0.106,1.559,1.559,0.24,5.6,1.0,23.0,
261,F66A,"CORONARY ATHEROSCLEROSIS, MAJC",397.0,7804.0,0.17,2.164,2.164,0.24,8.3,1.0,25.0,
262,F66B,"CORONARY ATHEROSCLEROSIS, MINC",1842.0,3290.0,0.1,0.912,0.912,0.19,4.0,1.0,14.0,
263,F67A,"HYPERTENSION, MAJC",507.0,7920.0,0.114,2.196,2.196,0.22,7.2,1.0,24.0,
264,F67B,"HYPERTENSION, MINC",2944.0,2621.0,0.099,0.727,0.727,0.21,2.7,1.0,8.0,
265,F68Z,CONGENITAL HEART DISEASE,149.0,7771.0,0.334,2.155,2.155,0.49,3.6,1.0,13.0,
266,F69A,"VALVULAR DISORDERS, MAJC",744.0,7676.0,0.324,2.129,2.129,0.26,8.0,1.0,25.0,
267,F69B,"VALVULAR DISORDERS, MINC",3695.0,2217.0,0.091,0.615,0.615,0.21,2.3,1.0,7.0,
268,F72A,"UNSTABLE ANGINA, MAJC",156.0,7169.0,0.196,1.988,1.988,0.32,6.5,1.0,24.0,
269,F72B,"UNSTABLE ANGINA, MINC",800.0,3745.0,0.121,1.039,1.039,0.21,4.0,1.0,13.0,
270,F73A,"SYNCOPE & COLLAPSE, MAJC",2884.0,7645.0,0.23,0.866,2.12,0.19,10.6,2.0,28.0,
271,F73B,"SYNCOPE & COLLAPSE, MINC",9592.0,3022.0,0.116,0.838,0.838,0.17,3.9,1.0,14.0,
272,F74A,"CHEST PAIN, MAJC",2237.0,3180.0,0.14,0.882,0.882,0.18,4.5,1.0,17.0,
273,F74B,"CHEST PAIN, MINC",15779.0,1733.0,0.108,0.481,0.481,0.19,2.1,1.0,6.0,
274,F75A,"OTHER CIRCULATORY DIS, MAJC",777.0,14830.0,0.27,1.551,4.113,0.36,11.5,2.0,28.0,
275,F75B,"OTHER CIRCULATORY DIS, MINC",2006.0,5647.0,0.124,1.566,1.566,0.28,4.6,1.0,17.0,
276,F76A,"ARRHY,CARD ARRST&COND DIS, MAJC",3085.0,6161.0,0.152,1.709,1.709,0.24,7.2,1.0,24.0,
277,F76B,"ARRHY,CARD ARRST&COND DIS, MINC",5718.0,3093.0,0.104,0.858,0.858,0.27,3.2,1.0,10.0,
278,G01A,"RECTAL RESECTION, MAJC",121.0,63134.0,5.142,5.495,0.707,17.508,0.37,34.9,18.0,52.0
279,G01B,"RECTAL RESECTION, INTC",145.0,41017.0,5.142,5.708,1.133,11.375,0.36,20.4,6.0,37.0
280,G01C,"RECTAL RESECTION, MINC",871.0,24783.0,4.231,4.609,0.755,6.873,0.29,10.8,4.0,26.0
281,G02A,"MJR SMALL&LARGE BOWEL INTERVTN,",245.0,84092.0,4.017,4.395,0.757,23.32,0.37,43.0,26.0,60.0
282,G02A,MAJC,245.0,84092.0,4.017,4.395,0.757,23.32,0.37,43.0,26.0,60.0
283,G02B,"MJR SMALL&LARGE BOWEL INTERVTN, INTC",678.0,35165.0,3.469,4.167,1.396,9.752,0.35,19.8,5.0,37.0
284,G02C,"MJR SMALL&LARGE BOWEL INTERVTN, MINC",1916.0,21434.0,1.491,2.389,1.777,5.944,0.31,10.3,3.0,27.0
285,G03A,"STOMCH,OESHPGL&DUODNL INTERVTN,",143.0,50757.0,4.439,5.51,2.141,14.076,0.34,21.8,5.0,39.0
286,G03B,"STOMCH,OESHPGL&DUODNL INTERVTN,",268.0,29363.0,3.594,4.504,1.82,8.143,0.22,12.2,3.0,29.0
287,G03C,"STOMCH,OESHPGL&DUODNL INTERVTN,",331.0,13905.0,2.184,3.856,3.856,0.29,6.8,1.0,24.0,
288,G03C,MINC,331.0,13905.0,2.184,3.856,3.856,0.29,6.8,1.0,24.0,
289,G04A,"PERITONEAL ADHESOLYSIS, MAJC",81.0,42007.0,2.493,3.032,1.077,11.649,0.3,25.6,9.0,43.0
290,G04B,"PERITONEAL ADHESOLYSIS, INTC",291.0,20959.0,2.387,3.072,1.37,5.812,0.35,11.1,3.0,28.0
291,G04C,"PERITONEAL ADHESOLYSIS, MINC",587.0,11590.0,2.064,3.214,3.214,0.37,4.2,1.0,15.0,
292,G05A,"MNR SMALL&LARGE BOWEL INTERVTN,",63.0,22238.0,2.064,2.65,1.172,6.167,0.3,18.1,4.0,35.0
293,G05B,"MNR SMALL&LARGE BOWEL INTERVTN,",261.0,11791.0,1.951,2.215,0.528,3.27,0.3,6.7,3.0,15.0
294,G05B,MINC,261.0,11791.0,1.951,2.215,0.528,3.27,0.3,6.7,3.0,15.0
295,G06Z,PYLOROMYOTOMY,29.0,12633.0,1.025,1.851,3.503,0.76,3.1,2.0,6.0,
296,G07A,"APPENDICECTOMY, MAJC",362.0,14269.0,1.735,2.476,3.957,0.39,7.4,2.0,24.0,
297,G07B,"APPENDICECTOMY, MINC",4630.0,9132.0,1.626,2.532,2.532,0.35,2.7,1.0,7.0,
298,G10A,"HERNIA INTERVENTIONS, MAJC",317.0,15366.0,1.945,4.261,4.261,0.37,8.1,1.0,25.0,
299,G10B,"HERNIA INTERVENTIONS, MINC",1901.0,9046.0,1.428,2.509,2.509,0.28,2.1,1.0,6.0,
300,G11A,"ANAL & STOMAL INTERVENTIONS, MAJC",217.0,9767.0,1.063,2.709,2.709,0.25,8.8,1.0,26.0,
301,G11B,"ANAL & STOMAL INTERVENTIONS, MINC",1139.0,4765.0,0.802,1.321,1.321,0.24,2.3,1.0,6.0,
302,G12A,"OTH DIGESTIVE SYS GI, MAJC",69.0,48567.0,1.244,1.594,0.699,13.469,0.31,35.2,18.0,52.0
303,G12B,"OTH DIGESTIVE SYS GI, INTC",267.0,17858.0,1.244,2.48,4.952,0.32,13.5,2.0,31.0,
304,G12C,"OTH DIGESTIVE SYS GI, MINC",367.0,10335.0,0.924,2.866,2.866,0.28,5.8,1.0,23.0,
305,G46A,"COMPLEX ENDOSCOPY, MAJC",986.0,13882.0,0.523,1.632,3.85,0.27,13.9,2.0,31.0,
306,G46B,"COMPLEX ENDOSCOPY, MINC",615.0,7067.0,0.393,1.96,1.96,0.24,5.8,1.0,22.0,
307,G47A,"GASTROSCOPY, MAJC",1544.0,11467.0,0.335,1.283,3.18,0.24,12.7,2.0,30.0,
308,G47B,"GASTROSCOPY&COLONOSCOPY, INTC",1669.0,5518.0,0.315,1.53,1.53,0.22,5.4,1.0,21.0,
309,G47C,"GASTROSCOPY, MINC",1669.0,4080.0,0.298,1.132,1.132,0.22,4.1,1.0,14.0,
310,G48A,"COLONOSCOPY, MAJC",1464.0,8794.0,0.296,1.019,2.439,0.22,9.5,2.0,26.0,
311,G48B,"COLONOSCOPY, MINC",1057.0,5219.0,0.277,1.447,1.447,0.21,4.5,1.0,16.0,
312,G60A,"DIGESTIVE MALIGNANCY, MAJC",629.0,14067.0,0.256,1.471,3.901,0.28,13.5,2.0,30.0,
313,G60B,"DIGESTIVE MALIGNANCY, MINC",843.0,6650.0,0.255,1.844,1.844,0.27,5.7,1.0,21.0,
314,G61A,"GASTROINT HAEMORRHAGE, MAJC",754.0,6061.0,0.116,1.681,1.681,0.19,8.2,1.0,25.0,
315,G61B,"GASTROINT HAEMORRHAGE, MINC",1417.0,2976.0,0.107,0.825,0.825,0.23,3.4,1.0,11.0,
316,G64Z,INFLAM BOWEL DISEASE,994.0,5311.0,0.706,1.473,1.473,0.21,5.6,1.0,21.0,
317,G65A,"GASTROINT OBSTRUCTION, MAJC",437.0,11418.0,0.161,1.163,3.166,0.25,12.9,2.0,30.0,
318,G65B,"GASTROINT OBSTRUCTION, MINC",1191.0,4426.0,0.161,1.227,1.227,0.24,4.6,1.0,16.0,
319,G66A,"ABDMNL PAIN/MESENT ADNTS, MAJC",2227.0,3452.0,0.157,0.957,0.957,0.25,3.0,1.0,10.0,
320,G66B,"ABDMNL PAIN/MESENT ADNTS, MINC",6298.0,2208.0,0.119,0.612,0.612,0.22,2.0,1.0,5.0,
321,G67A,"OESOPHS & GASTROENTS, MAJC",3872.0,6981.0,0.221,1.936,1.936,0.31,6.1,1.0,23.0,
322,G67B,"OESOPHS & GASTROENTS, MINC",5806.0,3564.0,0.152,0.988,0.988,0.29,2.3,1.0,7.0,
323,G70A,"OTHER DIGESTIVE SYS DIS, MAJC",1564.0,9319.0,0.164,0.971,2.584,0.24,11.5,2.0,29.0,
324,G70B,"OTHER DIGESTIVE SYS DIS, INTC",3930.0,4461.0,0.136,1.237,1.237,0.25,4.8,1.0,17.0,
325,G70C,"OTHER DIGESTIVE SYS DIS, MINC",7081.0,3200.0,0.109,0.887,0.887,0.28,3.0,1.0,10.0,
326,H01A,"PANCREAS,LIVER&SHUNT INTERVTN, MAJC",22.0,128498.0,8.666,8.956,0.58,35.635,0.55,64.2,47.0,81.0
327,H01B,"PANCREAS,LIVER&SHUNT INTERVTN, INTC",181.0,34637.0,4.821,5.778,1.914,9.606,0.43,13.6,3.0,31.0
328,H01C,"PANCREAS,LIVER&SHUNT INTERVTN, MINC",304.0,21871.0,3.475,6.065,6.065,0.29,8.0,1.0,25.0,
329,H02A,"MJR BILIARY TRACT INTERVTN, MAJC",22.0,56810.0,2.023,2.328,0.61,15.755,0.52,39.9,23.0,57.0
330,H02B,"MJR BILIARY TRACT INTERVTN, INTC",76.0,26917.0,1.745,2.381,1.271,7.465,0.27,20.7,5.0,38.0
331,H02C,"MJR BILIARY TRACT INTERVTN, MINC",212.0,14046.0,0.988,1.957,3.895,0.27,12.4,2.0,29.0,
332,H05A,"HEPATOBILIARY DIAG INTERVTN, MAJC",21.0,27342.0,1.954,7.583,7.583,0.54,14.1,1.0,31.0,
333,H05B,"HEPATOBILIARY DIAG INTERVTN, INTC",52.0,13113.0,1.47,3.636,3.636,0.27,7.8,1.0,25.0,
334,H05C,"HEPATOBILIARY DIAG INTERVTN, MINC",12.0,10306.0,0.565,2.858,2.858,0.23,5.6,1.0,23.0,
335,H06A,"OTH HEPTOBILRY&PANCRS GI, MAJC",57.0,46626.0,0.87,1.286,0.832,12.93,0.52,32.1,15.0,49.0
336,H06B,"OTH HEPTOBILRY&PANCRS GI, INTC",92.0,15255.0,0.491,4.23,4.23,0.37,12.2,1.0,29.0,
337,H06C,"OTH HEPTOBILRY&PANCRS GI, MINC",213.0,6760.0,0.382,1.875,1.875,0.29,2.7,1.0,9.0,
338,H07A,"OPEN CHOLECYSTECTOMY, MAJC",27.0,28224.0,3.009,3.972,1.927,7.827,0.35,18.2,3.0,35.0
339,H07B,"OPEN CHOLECYSTECTOMY, INTC",50.0,21006.0,2.902,3.487,1.169,5.825,0.27,11.1,3.0,28.0
340,H07C,"OPEN CHOLECYSTECTOMY, MINC",96.0,16206.0,2.902,4.494,4.494,0.33,5.2,1.0,21.0,
341,H08A,"LAP CHOLECYSTECTOMY, MAJC",168.0,18399.0,2.281,3.222,5.103,0.36,10.4,2.0,27.0,
342,H08B,"LAP CHOLECYSTECTOMY, MINC",2299.0,9867.0,2.736,2.736,2.736,0.26,2.7,0.0,9.0,
343,H09Z,LIVER TRANSPLANT,43.0,105721.0,7.593,8.462,1.738,29.318,0.8,30.3,13.0,47.0
344,H60A,"CIRRHOSIS&ALC HEPATITIS, MAJC",108.0,40275.0,0.244,0.597,0.705,11.169,0.29,33.3,16.0,50.0
345,H60B,"CIRRHOSIS&ALC HEPATITIS, INTC",435.0,16520.0,0.214,1.67,4.581,0.26,15.2,2.0,32.0,
346,H60C,"CIRRHOSIS&ALC HEPATITIS, MINC",585.0,6828.0,0.18,1.894,1.894,0.23,7.1,1.0,24.0,
347,H61A,"MALG HEPATOBIL SYS&PANCR, MAJC",494.0,16457.0,0.338,1.183,1.69,4.564,0.29,16.1,3.0,33.0
348,H61B,"MALG HEPATOBIL SYS&PANCR, MINC",1066.0,8840.0,0.338,2.452,2.452,0.25,7.9,1.0,25.0,
349,H62A,"PANCREAS DIS -MALIG, MAJC",424.0,10828.0,0.191,1.128,3.003,0.24,14.8,2.0,32.0,
350,H62B,"PANCREAS DIS -MALIG, MINC",1805.0,4653.0,0.232,1.29,1.29,0.24,5.5,1.0,19.0,
351,H63A,"OTH DISORDERS OF LIVER, MAJC",478.0,15642.0,0.233,1.601,4.338,0.31,12.6,2.0,30.0,
352,H63B,"OTH DISORDERS OF LIVER, INTC",751.0,6822.0,0.233,1.892,1.892,0.33,6.3,1.0,23.0,
353,H63C,"OTH DISORDERS OF LIVER, MINC",865.0,4695.0,0.196,1.302,1.302,0.24,4.0,1.0,14.0,
354,H64A,"BILIARY TRACT DISORDERS, MAJC",1443.0,9964.0,0.31,1.128,2.763,0.26,11.4,2.0,28.0,
355,H64B,"BILIARY TRACT DISORDERS, MINC",5042.0,4411.0,0.2,1.223,1.223,0.22,5.3,1.0,19.0,
356,H65A,"BLEED OESOPHAGEAL VARICES, MAJC",33.0,28623.0,0.615,1.661,2.092,7.938,0.38,20.8,4.0,38.0
357,H65B,"BLEED OESOPHAGEAL VARICES, INTC",51.0,16013.0,0.498,1.812,4.441,0.29,11.3,2.0,28.0,
358,H65C,"BLEED OESOPHAGEAL VARICES, MINC",80.0,10918.0,0.368,1.255,3.028,0.39,7.2,2.0,24.0,
359,I01A,"BL&MLT MJR JNT INTERVT LWR LMB, MAJC",54.0,92344.0,8.195,8.415,0.441,25.609,0.34,56.5,40.0,74.0
360,I01B,"BL&MLT MJR JNT INTERVT LWR LMB, MINC",53.0,25434.0,4.241,5.179,7.053,0.39,10.2,2.0,27.0,
361,I02A,"MCRVAS TT/SKIN GRAFT-HAND, MAJC",14.0,138545.0,6.05,6.287,0.473,38.421,0.34,86.0,69.0,103.0
362,I02B,"MCRVAS TT/SKIN GRAFT-HAND, INTC",33.0,48259.0,5.316,5.741,0.849,13.383,0.41,26.8,10.0,44.0
363,I02C,"MCRVAS TT/SKIN GRAFT-HAND, MINC",79.0,28636.0,4.17,7.941,7.941,0.6,15.2,1.0,32.0,
364,I03A,"HIP REPLACEMENT, TRAUMA, MAJC",266.0,40658.0,2.536,2.772,0.472,11.275,0.27,35.6,19.0,53.0
365,I03B,"HIP REPLACEMENT, TRAUMA, MINC",1924.0,17987.0,1.901,2.342,0.882,4.988,0.21,14.5,4.0,32.0
366,I04A,"KNEE REPLACEMENT, MAJC",233.0,20870.0,3.113,4.005,5.788,0.27,9.3,2.0,26.0,
367,I04B,"KNEE REPLACEMENT, MINC",1881.0,16505.0,2.777,3.377,4.577,0.3,4.1,2.0,9.0,
368,I05A,"OTHER JOINT REPLACEMENT, MAJC",44.0,23548.0,3.142,4.271,6.53,0.29,14.8,2.0,32.0,
369,I05B,"OTHER JOINT REPLACEMENT, MINC",362.0,13809.0,2.763,3.829,3.829,0.25,3.2,1.0,10.0,
370,I06Z,SPINAL FUSION FOR DEFORMITY,192.0,52622.0,5.865,8.774,14.593,1.0,8.2,2.0,25.0,
371,I07Z,AMPUTATION,103.0,60329.0,3.91,4.195,0.57,16.73,0.37,40.1,23.0,57.0
372,I08A,"OTHER HIP & FEMUR INTERVTN, MAJC",320.0,38971.0,2.807,3.05,0.485,10.807,0.22,33.8,17.0,51.0
373,I08B,"OTHER HIP & FEMUR INTERVTN, INTC",670.0,22920.0,2.086,3.51,6.356,0.21,19.4,2.0,36.0,
374,I08C,"OTHER HIP & FEMUR INTERVTN, MINC",1987.0,15193.0,1.695,4.213,4.213,0.19,10.3,1.0,27.0,
375,I09A,"SPINAL FUSION, MAJC",59.0,78739.0,5.005,5.363,0.716,21.836,0.34,40.9,24.0,58.0
376,I09B,"SPINAL FUSION, INTC",153.0,30280.0,3.919,8.397,8.397,0.34,9.3,1.0,26.0,
377,I09C,"SPINAL FUSION, MINC",416.0,19723.0,3.423,5.469,5.469,0.33,4.2,1.0,14.0,
378,I10A,"OTHER BACK & NECK INTERVTN, MAJC",115.0,20286.0,1.686,5.626,5.626,0.28,13.9,1.0,31.0,
379,I10B,"OTHER BACK & NECK INTERVTN, MINC",919.0,11455.0,1.432,3.177,3.177,0.36,3.0,1.0,9.0,
380,I11Z,LIMB LENGTHENING INTERVENTIONS,50.0,16426.0,2.659,3.291,4.555,0.48,4.1,2.0,10.0,
381,I12A,"MISC INTERVTN INFC/INFM BNE/JN, MAJC",102.0,58240.0,2.571,2.809,0.476,16.151,0.36,45.7,29.0,63.0
382,I12B,"MISC INTERVTN INFC/INFM BNE/JN, INTC",170.0,26106.0,1.853,2.452,1.197,7.24,0.27,22.0,5.0,39.0
383,I12C,"MISC INTERVTN INFC/INFM BNE/JN, MINC",525.0,13226.0,1.242,3.668,3.668,0.25,11.5,1.0,28.0,
384,I13A,"HUMER,TIBIA,FIBUL,ANKL INTERVT, MAJC",246.0,23956.0,2.688,3.479,1.582,6.643,0.24,19.7,3.0,37.0
385,I13B,"HUMER,TIBIA,FIBUL,ANKL INTERVT, INTC",885.0,13025.0,2.131,3.612,3.612,0.26,5.5,1.0,21.0,
386,I13C,"HUMER,TIBIA,FIBUL,ANKL INTERVT, MINC",3823.0,9739.0,1.846,2.701,2.701,0.24,2.7,1.0,8.0,
387,I15Z,CRANIO-FACIAL SURGERY,64.0,17564.0,2.803,3.492,4.871,0.54,4.6,2.0,11.0,
388,I16Z,OTHER SHOULDER INTERVENTIONS,637.0,8992.0,1.687,2.494,2.494,0.25,1.3,1.0,3.0,
389,I17A,"MAXILLO-FACIAL SURGERY, MAJC",27.0,18503.0,2.777,5.131,5.131,0.49,6.2,1.0,23.0,
390,I17B,"MAXILLO-FACIAL SURGERY, MINC",50.0,7746.0,1.491,2.148,2.148,0.38,3.0,1.0,9.0,
391,I18A,"OTHER KNEE INTERVENTIONS, MAJC",322.0,8166.0,1.188,2.265,2.265,0.23,4.1,1.0,15.0,
392,I18B,"OTHER KNEE INTERVENTIONS, MINC",244.0,5902.0,0.961,1.637,1.637,0.24,1.5,1.0,3.0,
393,I19A,"OTHER ELBOW & FOREARM INTERVTN,",288.0,11719.0,1.856,3.25,3.25,0.24,5.4,1.0,21.0,
394,I19B,"OTHER ELBOW & FOREARM INTERVTN,",2706.0,7588.0,1.413,2.104,2.104,0.22,1.7,1.0,4.0,
395,I19B,MINC,2706.0,7588.0,1.413,2.104,2.104,0.22,1.7,1.0,4.0,
396,I20A,"OTHER FOOT INTERVENTIONS, MAJC",150.0,12415.0,1.756,3.443,3.443,0.23,5.6,1.0,23.0,
397,I20B,"OTHER FOOT INTERVENTIONS, MINC",824.0,7953.0,1.401,2.206,2.206,0.33,1.6,1.0,4.0,
398,I21A,"LOC EX&REM DEV HP&FMR, MAJC",23.0,14439.0,1.538,4.004,4.004,0.3,5.5,1.0,23.0,
399,I21B,"LOC EX&REM DEV HP&FMR, MINC",21.0,7091.0,1.176,1.967,1.967,0.53,1.5,1.0,4.0,
400,I23A,"LOC EX&REM INT DEV-HP&FMR, MAJC",152.0,9044.0,0.851,2.508,2.508,0.29,3.1,1.0,10.0,
401,I23B,"LOC EX&REM INT DEV-HP&FMR, MINC",251.0,5091.0,0.642,1.412,1.412,0.31,1.3,1.0,2.0,
402,I24A,"ARTHROSCOPY, MAJC",33.0,10072.0,1.04,2.793,2.793,0.24,9.4,1.0,26.0,
403,I24B,"ARTHROSCOPY, MINC",49.0,5483.0,0.869,1.52,1.52,0.23,2.1,1.0,6.0,
404,I25A,"BONE&JNT DIAG INTERVTN INC BIO, MAJC",42.0,20416.0,0.414,1.164,1.499,5.662,0.23,20.8,4.0,38.0
405,I25B,"BONE&JNT DIAG INTERVTN INC BIO, MINC",78.0,8404.0,0.383,2.33,2.33,0.32,6.1,1.0,23.0,
406,I27A,"SOFT TISSUE INTERVENTIONS, MAJC",154.0,24151.0,1.512,3.241,6.698,0.37,19.4,2.0,36.0,
407,I27B,"SOFT TISSUE INTERVENTIONS, MINC",769.0,8187.0,0.765,2.27,2.27,0.31,3.2,1.0,11.0,
408,I28A,"OTH MUSCULOSKELETAL INTERVTN, MAJC",96.0,24202.0,1.55,2.02,0.938,6.712,0.29,23.4,6.0,40.0
409,I28B,"OTH MUSCULOSKELETAL INTERVTN, INTC",133.0,11677.0,1.522,3.238,3.238,0.25,7.2,1.0,24.0,
410,I28C,"OTH MUSCULOSKELETAL INTERVTN, MINC",452.0,7573.0,1.238,2.1,2.1,0.2,2.3,1.0,7.0,
411,I29Z,KNEE RECONSTRUCTION/REVISION,285.0,10983.0,2.32,3.046,3.046,0.33,1.3,1.0,2.0,
412,I30Z,HAND INTERVENTIONS,1737.0,6703.0,0.988,1.859,1.859,0.23,1.6,1.0,3.0,
413,I31A,"REV OF HIP REPLACEMENT, MAJC",72.0,60956.0,6.017,6.231,0.427,16.904,0.4,43.0,26.0,60.0
414,I31B,"REV OF HIP REPLACEMENT, INTC",106.0,35423.0,4.373,5.152,1.557,9.823,0.25,18.3,4.0,35.0
415,I31C,"REV OF HIP REPLACEMENT, MINC",342.0,24733.0,3.506,4.624,6.859,0.27,10.2,2.0,27.0,
416,I32A,"REV OF KNEE REPLACEMENT, MAJC",45.0,40216.0,4.229,4.691,0.923,11.153,0.38,25.4,8.0,42.0
417,I32B,"REV OF KNEE REPLACEMENT, MINC",135.0,26416.0,3.72,4.922,7.326,0.31,10.6,2.0,28.0,
418,I33A,"HIP REPLACE, NON-TRAUMA, MAJC",296.0,20202.0,2.929,3.82,5.602,0.24,12.0,2.0,29.0,
419,I33B,"HIP REPLACE, NON-TRAUMA, MINC",2628.0,15245.0,2.534,3.099,4.228,0.2,4.2,2.0,10.0,
420,I60Z,FEMORAL SHAFT FRACTURES,91.0,11306.0,0.6,3.135,3.135,0.42,10.9,1.0,28.0,
421,I61Z,DISTAL FEMORAL FRACTURES,112.0,14517.0,0.29,0.824,1.067,4.026,0.38,21.4,4.0,38.0
422,I63A,"SPR,STR&DSL HIP,PEL&THIGH, MAJC",52.0,9129.0,0.389,2.532,2.532,0.2,18.1,1.0,35.0,
423,I63B,"SPR,STR&DSL HIP,PEL&THIGH, MINC",148.0,3546.0,0.312,0.983,0.983,0.21,4.3,1.0,16.0,
424,I64A,"OSTEOMYELITIS, MAJC",268.0,23212.0,0.171,0.539,0.737,6.437,0.27,25.7,9.0,43.0
425,I64B,"OSTEOMYELITIS, MINC",376.0,11814.0,0.171,1.206,3.276,0.25,10.8,2.0,28.0,
426,I65A,"MUSCULOSK MALIG NEOPLASM, MAJC",141.0,24706.0,0.255,2.454,6.851,0.41,17.7,2.0,35.0,
427,I65B,"MUSCULOSK MALIG NEOPLASM, MINC",898.0,10629.0,0.221,2.948,2.948,0.35,6.0,1.0,21.0,
428,I66A,"INFLAM MUSCULOSK DIS, MAJC",292.0,18415.0,0.223,1.851,5.107,0.35,15.2,2.0,32.0,
429,I66B,"INFLAM MUSCULOSK DIS, MINC",801.0,8314.0,0.126,2.306,2.306,0.3,5.7,1.0,21.0,
430,I67A,"SEPTIC ARTHRITIS, MAJC",92.0,16387.0,0.263,0.875,1.223,4.544,0.24,20.5,4.0,38.0
431,I67B,"SEPTIC ARTHRITIS, MINC",150.0,7936.0,0.262,2.201,2.201,0.24,8.8,1.0,26.0,
432,I68A,"NON-SURG SPINAL DIS, MAJC",2104.0,9795.0,0.166,2.716,2.716,0.2,15.1,1.0,32.0,
433,I68B,"NON-SURG SPINAL DIS, MINC",3699.0,3971.0,0.125,1.101,1.101,0.21,4.7,1.0,18.0,
434,I69A,"BONE DISEASES & ARTHROP, MAJC",526.0,9956.0,0.124,2.761,2.761,0.21,12.8,1.0,30.0,
435,I69B,"BONE DISEASES & ARTHROP, MINC",893.0,4344.0,0.115,1.205,1.205,0.18,5.1,1.0,20.0,
436,I71A,"OTH MUSCULOTENDINOUS DIS, MAJC",635.0,7999.0,0.17,2.218,2.218,0.22,10.2,1.0,27.0,
437,I71B,"OTH MUSCULOTENDINOUS DIS, MINC",6148.0,3728.0,0.108,1.034,1.034,0.21,3.4,1.0,12.0,
438,I72A,"SPECIFIC MUSCTENDIN DIS, MAJC",382.0,8788.0,0.159,2.437,2.437,0.24,13.0,1.0,30.0,
439,I72B,"SPECIFIC MUSCTENDIN DIS, MINC",929.0,4205.0,0.108,1.166,1.166,0.31,4.3,1.0,15.0,
440,I73A,"AFTCARE MUSCSK IMPL/PROS, MAJC",181.0,11987.0,0.287,1.299,3.324,0.24,18.5,2.0,35.0,
441,I73B,"AFTCARE MUSCSK IMPL/PROS, MINC",316.0,5004.0,0.197,1.388,1.388,0.23,8.6,1.0,26.0,
442,I74A,"INJ FOREARM,WRIST,HAND,FT, MAJC",471.0,8794.0,0.354,2.439,2.439,0.2,13.1,1.0,30.0,
443,I74B,"INJ FOREARM,WRIST,HAND,FT, MINC",1625.0,3153.0,0.347,0.874,0.874,0.15,1.6,1.0,4.0,
444,I75A,"INJ SH,ARM,ELB,KN,LEG,ANK, MAJC",595.0,14127.0,0.194,0.532,0.677,3.918,0.2,23.4,6.0,40.0
445,I75B,"INJ SH,ARM,ELB,KN,LEG,ANK, INTC",1292.0,4039.0,0.19,1.12,1.12,0.17,5.9,1.0,23.0,
446,I75C,"INJ SH,ARM,ELB,KN,LEG,ANK, MINC",785.0,2956.0,0.19,0.82,0.82,0.17,3.4,1.0,12.0,
447,I76A,"OTH MUSCULOSKELETAL DIS, MAJC",499.0,13526.0,0.292,3.751,3.751,0.26,14.7,1.0,32.0,
448,I76B,"OTH MUSCULOSKELETAL DIS, MINC",794.0,4463.0,0.138,1.238,1.238,0.24,4.4,1.0,16.0,
449,I77A,"FRACTURES OF PELVIS, MAJC",448.0,15244.0,0.13,0.502,0.745,4.228,0.21,23.3,6.0,40.0
450,I77B,"FRACTURES OF PELVIS, MINC",575.0,6711.0,0.099,1.861,1.861,0.17,11.0,1.0,28.0,
451,I78A,"FRACTURES NECK OF FEMUR, MAJC",254.0,23077.0,0.168,0.336,0.337,6.4,0.22,35.6,19.0,53.0
452,I78B,"FRACTURES NECK OF FEMUR, MINC",791.0,5666.0,0.167,0.635,1.571,0.21,16.3,2.0,33.0,
453,I79A,"PATHOLOGICAL FRACTURES, MAJC",165.0,18886.0,0.151,0.542,0.783,5.237,0.22,23.7,7.0,41.0
454,I79B,"PATHOLOGICAL FRACTURES, MINC",312.0,8163.0,0.109,0.827,2.264,0.19,9.3,2.0,26.0,
455,I80Z,"FEMORAL FRACT, TRANSFERRED <2D",28.0,2447.0,0.0,0.678,0.678,0.0,1.0,1.0,1.0,
456,J01A,"MICRVS TSS TRNS SKN/BRST, MAJC",5.0,87406.0,8.968,9.986,2.036,24.239,0.53,25.4,8.0,42.0
457,J01B,"MICRVS TSS TRNS SKN/BRST, MINC",102.0,35215.0,5.982,6.739,1.513,9.766,0.54,5.8,3.0,11.0
458,J06A,"MAJOR INTERVTN FOR BREAST DIS, MAJC",114.0,13160.0,1.963,3.65,3.65,0.26,6.2,1.0,22.0,
459,J06B,"MAJOR INTERVTN FOR BREAST DIS, MINC",1453.0,10460.0,0.748,2.901,2.901,0.29,2.3,1.0,6.0,
460,J07Z,MINOR INTERVTN FOR BREAST DIS,1014.0,7873.0,1.127,2.183,2.183,0.22,1.3,1.0,3.0,
461,J08A,"OTH SKN GRF& DBRDMNT INTERVTN, MAJC",118.0,31438.0,1.975,2.372,0.793,8.718,0.41,26.4,9.0,43.0
462,J08B,"OTH SKN GRF& DBRDMNT INTERVTN, INTC",155.0,11442.0,0.929,3.173,3.173,0.36,6.4,1.0,23.0,
463,J08C,"OTH SKN GRF& DBRDMNT INTERVTN, MINC",335.0,8825.0,0.53,2.447,2.447,0.43,3.1,1.0,10.0,
464,J09Z,PERIANAL & PILONIDAL INTERVTNS,111.0,5699.0,0.995,1.581,1.581,0.26,2.0,1.0,5.0,
465,J10A,"SKN,TIS&BRST PLASTIC GI, MAJC",68.0,11062.0,1.283,3.068,3.068,0.49,4.7,1.0,19.0,
466,J10B,"SKN,TIS&BRST PLASTIC GI, MINC",120.0,7411.0,0.422,2.055,2.055,0.61,1.7,1.0,4.0,
467,J11A,"OTH SKN,SUBC TIS&BRST INTERVTN, MAJC",466.0,10424.0,0.392,2.891,2.891,0.3,6.9,1.0,24.0,
468,J11B,"OTH SKN,SUBC TIS&BRST INTERVTN, MINC",437.0,6255.0,0.23,1.735,1.735,0.22,1.9,1.0,5.0,
469,J12A,"LWR LMB INTERVTN +ULC/CEL, MAJC",53.0,36318.0,1.268,1.535,0.534,10.072,0.31,34.0,17.0,51.0
470,J12B,"LWR LMB INTERVTN +ULC/CEL, MINC",116.0,15118.0,0.979,2.051,4.193,0.3,9.8,2.0,27.0,
471,J13A,"LWR LMB INTERVTN -ULC/CEL, MAJC",35.0,14742.0,1.302,4.088,4.088,0.36,9.3,1.0,26.0,
472,J13B,"LWR LMB INTERVTN -ULC/CEL, MINC",73.0,8960.0,0.709,2.485,2.485,0.41,3.4,1.0,12.0,
473,J14Z,MAJOR BREAST RECONSTRUCTIONS,225.0,24807.0,4.819,6.88,6.88,0.38,4.2,1.0,15.0,
474,J60A,"SKIN ULCERS, MAJC",283.0,14098.0,0.131,0.383,0.504,3.91,0.17,25.3,8.0,42.0
475,J60B,"SKIN ULCERS, INTC",271.0,6248.0,0.115,0.654,1.733,0.21,10.1,2.0,27.0,
476,J60C,"SKIN ULCERS, MINC",273.0,5185.0,0.03,1.438,1.438,0.18,7.1,1.0,24.0,
477,J62A,"MALIGNANT BREAST DIS, MAJC",173.0,16106.0,0.171,1.603,4.467,0.27,15.9,2.0,33.0,
478,J62B,"MALIGNANT BREAST DIS, MINC",441.0,7069.0,0.169,1.96,1.96,0.25,6.0,1.0,23.0,
479,J63Z,NON-MALIGNANT BREAST DIS,279.0,3310.0,0.126,0.918,0.918,0.22,3.1,1.0,10.0,
480,J64A,"CELLULITIS, MAJC",1840.0,10664.0,0.173,1.101,2.957,0.24,12.6,2.0,30.0,
481,J64B,"CELLULITIS, MINC",5891.0,3762.0,0.165,1.043,1.043,0.21,4.0,1.0,13.0,
482,J65A,"TRAUMA TO SKN,SUB TIS&BST, MAJC",548.0,11977.0,0.172,1.222,3.322,0.21,15.7,2.0,33.0,
483,J65B,"TRAUMA TO SKN,SUB TIS&BST, MINC",1192.0,3663.0,0.172,1.016,1.016,0.19,4.3,1.0,17.0,
484,J67A,"MINOR SKIN DISORDERS, MAJC",352.0,7388.0,0.209,2.049,2.049,0.31,7.3,1.0,24.0,
485,J67B,"MINOR SKIN DISORDERS, MINC",2105.0,2904.0,0.102,0.805,0.805,0.2,2.5,1.0,7.0,
486,J68A,"MAJOR SKIN DISORDERS, MAJC",573.0,6010.0,0.119,1.667,1.667,0.18,7.4,1.0,24.0,
487,J68B,"MAJOR SKIN DISORDERS, MINC",797.0,2390.0,0.101,0.663,0.663,0.15,4.1,1.0,14.0,
488,J69A,"SKIN MALIGNANCY, MAJC",92.0,16874.0,0.224,1.709,4.679,0.37,17.3,2.0,34.0,
489,J69B,"SKIN MALIGNANCY, MINC",144.0,7933.0,0.135,2.2,2.2,0.27,7.5,1.0,24.0,
490,K01A,"GI FOR DIABETIC COMPL, MAJC",45.0,98911.0,3.809,4.132,0.647,27.43,0.36,54.0,37.0,71.0
491,K01B,"GI FOR DIABETIC COMPL, INTC",146.0,30450.0,2.153,2.637,0.968,8.444,0.34,23.7,7.0,41.0
492,K01C,"GI FOR DIABETIC COMPL, MINC",236.0,17400.0,1.25,2.442,4.825,0.33,12.4,2.0,29.0,
493,K02Z,PITUITARY INTERVENTIONS,81.0,13395.0,1.451,1.904,0.905,3.715,0.26,11.1,3.0,28.0
494,K03Z,ADRENAL INTERVENTIONS,60.0,19230.0,3.191,3.905,5.333,0.37,6.9,2.0,24.0,
495,K05A,"PARATHYROID INTERVENTIONS, MAJC",27.0,15598.0,2.13,4.326,4.326,0.38,7.1,1.0,24.0,
496,K05B,"PARATHYROID INTERVENTIONS, MINC",182.0,8709.0,1.77,2.415,2.415,0.28,1.9,1.0,5.0,
497,K06A,"THYROID INTERVENTIONS, MAJC",50.0,18770.0,2.556,5.205,5.205,0.35,8.0,1.0,25.0,
498,K06B,"THYROID INTERVENTIONS, MINC",550.0,10625.0,2.152,2.946,2.946,0.39,2.2,1.0,6.0,
499,K08Z,THYROGLOSSAL INTERVENTIONS,41.0,8505.0,1.256,2.358,2.358,0.38,1.8,1.0,4.0,
500,K09A,"OTH ENDCRN,NUTR&METAB GI, MAJC",46.0,40697.0,1.68,2.098,0.835,11.286,0.35,29.2,12.0,46.0
501,K09B,"OTH ENDCRN,NUTR&METAB GI, MINC",81.0,15205.0,0.946,2.036,4.217,0.37,12.5,2.0,29.0,
502,K10Z,REV & OPEN BARIATRIC INTERVTN,11.0,19179.0,4.433,4.728,5.319,1.22,12.1,2.0,15.0,
503,K11A,"MAJOR LAP BARIATRIC INTERVTN, MAJC",39.0,14755.0,3.082,3.419,4.092,0.32,4.8,2.0,12.0,
504,K11B,"MAJOR LAP BARIATRIC INTERVTN, MINC",150.0,13277.0,3.069,3.273,3.682,0.85,3.0,2.0,6.0,
505,K12Z,OTHER BARIATRIC INTERVTNS,2.0,10073.0,2.328,2.483,2.793,0.64,1.8,2.0,6.0,
506,K13Z,"PLAS GI - END,NUT,MET DIS",19.0,11012.0,2.442,3.054,3.054,0.74,1.4,1.0,3.0,
507,K40A,"ENDO&INVEST INTERVTN METAB DIS, MAJC",270.0,16355.0,0.383,1.213,1.661,4.536,0.27,19.7,3.0,37.0
508,K40B,"ENDO&INVEST INTERVTN METAB DIS, MINC",169.0,9625.0,0.317,1.107,2.669,0.24,8.2,2.0,25.0,
509,K60A,"DIABETES, MAJC",894.0,12735.0,0.166,1.288,3.532,0.3,13.0,2.0,30.0,
510,K60B,"DIABETES, MINC",3261.0,6105.0,0.105,1.693,1.693,0.28,4.9,1.0,17.0,
511,K61A,"SEV NUTRIT DISTURBANCE, MAJC",15.0,54146.0,0.184,0.419,0.471,15.016,0.25,49.1,32.0,66.0
512,K61B,"SEV NUTRIT DISTURBANCE, MINC",48.0,21349.0,0.134,2.063,5.921,0.26,18.6,2.0,36.0,
513,K62A,"MISC METABOLIC DISORDERS, MAJC",992.0,12731.0,0.141,1.271,3.531,0.25,14.2,2.0,31.0,
514,K62B,"MISC METABOLIC DISORDERS, INTC",1613.0,6624.0,0.135,1.837,1.837,0.27,6.6,1.0,24.0,
515,K62C,"MISC METABOLIC DISORDERS, MINC",3726.0,4503.0,0.085,1.249,1.249,0.26,4.3,1.0,16.0,
516,K63A,"INBORN ERR OF METABOLISM, MAJC",146.0,10409.0,0.399,2.887,2.887,0.39,6.9,1.0,24.0,
517,K63B,"INBORN ERR OF METABOLISM, MINC",74.0,4175.0,0.253,1.158,1.158,0.35,3.2,1.0,11.0,
518,K64A,"ENDOCRINE DISORDERS, MAJC",611.0,10866.0,0.171,3.013,3.013,0.33,9.9,1.0,27.0,
519,K64B,"ENDOCRINE DISORDERS, MINC",1091.0,5400.0,0.121,1.498,1.498,0.31,4.2,1.0,15.0,
520,L02A,"OP INS PERI CTH DIALYSIS, MAJC",25.0,18808.0,1.015,2.415,5.216,0.6,13.1,2.0,30.0,
521,L02B,"OP INS PERI CTH DIALYSIS, MINC",50.0,7938.0,0.388,2.201,2.201,0.39,3.9,1.0,13.0,
522,L03A,"KDNY,URT&MJR BLDR INTERVT NPSM, MAJC",69.0,47791.0,4.404,4.924,1.041,13.253,0.57,25.7,9.0,43.0
523,L03B,"KDNY,URT&MJR BLDR INTERVT NPSM, INTC",196.0,26552.0,3.89,4.585,1.389,7.363,0.38,10.2,3.0,27.0
524,L03C,"KDNY,URT&MJR BLDR INTERVT NPSM, MINC",494.0,19326.0,3.351,4.02,5.359,0.43,5.9,2.0,17.0,
525,L04A,"KDY,URT&MJR BLDR INTERVT N-NPM, MAJC",246.0,33846.0,1.449,2.17,1.443,9.386,0.36,23.5,6.0,40.0
526,L04B,"KDY,URT&MJR BLDR INTERVT N-NPM, INTC",715.0,12762.0,1.182,3.539,3.539,0.38,7.0,1.0,24.0,
527,L04C,"KDY,URT&MJR BLDR INTERVT N-NPM, MINC",1823.0,7635.0,1.045,2.117,2.117,0.4,2.8,1.0,8.0,
528,L05A,"TRANSURTH PROSTMY,URI DIS, MAJC",23.0,20777.0,1.397,1.688,0.582,5.762,0.23,24.7,8.0,42.0
529,L05B,"TRANSURTH PROSTMY,URI DIS, MINC",84.0,9000.0,1.232,2.496,2.496,0.21,4.6,1.0,14.0,
530,L06A,"MINOR BLADDER INTERVENTIONS, MAJC",29.0,40443.0,1.673,2.175,1.004,11.215,0.43,27.1,10.0,44.0
531,L06B,"MINOR BLADDER INTERVENTIONS, INTC",82.0,11891.0,1.098,1.831,3.298,0.31,9.0,2.0,26.0,
532,L06C,"MINOR BLADDER INTERVENTIONS, MINC",185.0,7334.0,0.708,2.034,2.034,0.33,5.1,1.0,20.0,
533,L07A,"OTH TRANSURETHRAL INTERVTNS, MAJC",226.0,11468.0,0.908,3.18,3.18,0.23,12.6,1.0,30.0,
534,L07B,"OTH TRANSURETHRAL INTERVTNS, MINC",1282.0,5373.0,0.689,1.49,1.49,0.25,3.0,1.0,9.0,
535,L08Z,URETHRAL INTERVENTIONS,76.0,7043.0,1.046,1.953,1.953,0.33,2.6,1.0,8.0,
536,L09A,"OTH INTERVTN KIDNY&URNRY TR DI, MAJC",42.0,78063.0,1.402,1.784,0.764,21.648,0.45,44.2,27.0,61.0
537,L09B,"OTH INTERVTN KIDNY&URNRY TR DI, INTC",65.0,23479.0,1.388,3.096,6.511,0.43,16.1,2.0,33.0,
538,L09C,"OTH INTERVTN KIDNY&URNRY TR DI, MINC",107.0,10189.0,1.388,2.826,2.826,0.34,3.0,1.0,10.0,
539,L10A,"KDNY TRANSPLNT, AGE<=16Y/MAJC",49.0,64515.0,3.981,5.526,3.091,17.891,1.42,15.0,5.0,32.0
540,L10B,"KDNY TRANSPLNT, AGE>=17Y+MINC",143.0,48574.0,3.71,4.795,2.169,13.471,0.89,8.9,5.0,15.0
541,L43A,"NEPHROLITHIASIS INTERVTN, MAJC",187.0,7788.0,0.648,2.16,2.16,0.23,7.4,1.0,24.0,
542,L43B,"NEPHROLITHIASIS INTERVTN, MINC",816.0,5255.0,0.24,1.457,1.457,0.21,2.9,1.0,8.0,
543,L44A,"CYSTURTHRSCPY URIN DISRD, MAJC",213.0,8698.0,0.231,2.412,2.412,0.27,6.8,1.0,24.0,
544,L44B,"CYSTURTHRSCPY URIN DISRD, MINC",303.0,4176.0,0.147,1.158,1.158,0.21,3.7,1.0,13.0,
545,L60A,"KIDNEY FAILURE, MAJC",314.0,36577.0,0.274,0.703,0.858,10.144,0.43,28.8,12.0,46.0
546,L60B,"KIDNEY FAILURE, INTC",1075.0,13788.0,0.195,1.404,3.824,0.33,12.3,2.0,29.0,
547,L60C,"KIDNEY FAILURE, MINC",1771.0,6908.0,0.195,1.916,1.916,0.26,6.2,1.0,23.0,
548,L61Z,HAEMODIALYSIS,20.0,1003.0,0.162,0.278,0.278,0.29,1.0,1.0,1.0,
549,L62A,"KDNY&UNRY TR NEOPLASMS, MAJC",226.0,13760.0,0.216,1.416,3.816,0.3,15.2,2.0,32.0,
550,L62B,"KDNY&UNRY TR NEOPLASMS, INTC",265.0,5569.0,0.215,1.544,1.544,0.23,4.9,1.0,19.0,
551,L62C,"KDNY&UNRY TR NEOPLASMS, MINC",96.0,3508.0,0.111,0.973,0.973,0.25,3.4,1.0,12.0,
552,L63A,"KDNY&UNRY TR INFECTIONS, MAJC",6905.0,9687.0,0.135,0.985,2.686,0.23,12.8,2.0,30.0,
553,L63B,"KDNY&UNRY TR INFECTIONS, MINC",8327.0,4330.0,0.123,1.201,1.201,0.13,5.1,1.0,17.0,
554,L64A,"URINARY STONES & OBSTR, MAJC",530.0,4563.0,0.245,1.265,1.265,0.2,4.6,1.0,18.0,
555,L64B,"URINARY STONES & OBSTR, MINC",1190.0,1855.0,0.134,0.514,0.514,0.21,2.0,1.0,5.0,
556,L65A,"KDNY&UNRY TR SGNS&SYMPS, MAJC",534.0,9123.0,0.171,0.957,2.53,0.24,10.5,2.0,28.0,
557,L65B,"KDNY&UNRY TR SGNS&SYMPS, MINC",1859.0,3332.0,0.105,0.924,0.924,0.23,3.6,1.0,12.0,
558,L66Z,URETHRAL STRICTURE,14.0,3740.0,0.136,1.037,1.037,0.41,3.0,1.0,10.0,
559,L67A,"OTH KIDNY&URNRY TRCT DIS, MAJC",532.0,13608.0,0.285,1.448,3.774,0.26,15.0,2.0,32.0,
560,L67B,"OTH KIDNY&URNRY TRCT DIS, INTC",1235.0,5626.0,0.285,1.56,1.56,0.26,5.3,1.0,20.0,
561,L67C,"OTH KIDNY&URNRY TRCT DIS, MINC",574.0,3363.0,0.102,0.933,0.933,0.27,3.2,1.0,11.0,
562,L68Z,PERITONEAL DIALYSIS,0.0,2789.0,0.774,0.5,0.0,3.0,,,,
563,M01A,"MAJOR MALE PELVIC INTERVTNS, MAJC",24.0,26820.0,4.694,5.609,7.438,0.31,8.1,2.0,25.0,
564,M01B,"MAJOR MALE PELVIC INTERVTNS, MINC",703.0,19899.0,4.1,5.518,5.518,0.25,2.8,1.0,6.0,
565,M02A,"TRANSURTH PROSTMY,REP DIS, MAJC",29.0,11499.0,1.347,1.961,3.189,0.27,8.7,2.0,26.0,
566,M02B,"TRANSURTH PROSTMY,REP DIS, MINC",386.0,8363.0,1.225,1.59,2.319,0.24,3.4,2.0,8.0,
567,M03A,"PENIS INTERVENTIONS, MAJC",27.0,15388.0,1.463,4.267,4.267,0.46,8.2,1.0,25.0,
568,M03B,"PENIS INTERVENTIONS, MINC",136.0,9509.0,0.791,2.637,2.637,0.4,2.6,1.0,8.0,
569,M04Z,TESTES INTERVENTIONS,850.0,7351.0,0.985,2.039,2.039,0.36,1.6,1.0,4.0,
570,M05Z,CIRCUMCISION,152.0,5290.0,0.841,1.467,1.467,0.24,1.4,1.0,3.0,
571,M06A,"OTH MALE REPROD SYS GI, MAJC",35.0,19661.0,1.13,5.452,5.452,0.47,14.6,1.0,32.0,
572,M06B,"OTH MALE REPROD SYS GI, MINC",70.0,5960.0,0.915,1.653,1.653,0.21,3.6,1.0,12.0,
573,M40Z,"CYSTURTHRSCPY,MALE REPR DIS,SD",,420.0,0.116,0.5,0.5,0.5,,,,
574,M60A,"MALE REPR SYS MALIG, MAJC",387.0,9805.0,0.199,1.039,2.719,0.25,10.6,2.0,28.0,
575,M60B,"MALE REPR SYS MALIG, MINC",203.0,5251.0,0.206,1.456,1.456,0.23,6.0,1.0,23.0,
576,M61A,"BENIGN PROSTATIC HYPERTR, MAJC",19.0,4385.0,0.216,1.216,1.216,0.19,7.6,1.0,25.0,
577,M61B,"BENIGN PROSTATIC HYPERTR, MINC",36.0,2935.0,0.102,0.814,0.814,0.12,3.6,1.0,12.0,
578,M62A,"MALE REPROD SYS INFLAMM, MAJC",117.0,8734.0,0.268,0.986,2.422,0.27,9.4,2.0,26.0,
579,M62B,"MALE REPROD SYS INFLAMM, MINC",1204.0,3481.0,0.145,0.965,0.965,0.22,3.4,1.0,11.0,
580,M63Z,MALE STERILISATION INTERVTNS,1.0,2180.0,1.08,0.604,0.604,0.66,1.0,1.0,1.0,
581,M64A,"OTHER MALE REPROD SYS DIS, MAJC",62.0,5944.0,0.305,1.648,1.648,0.21,5.8,1.0,23.0,
582,M64B,"OTHER MALE REPROD SYS DIS, MINC",837.0,2451.0,0.167,0.68,0.68,0.24,1.6,1.0,4.0,
583,N01Z,PELVIC EVISC & RAD VLVMY,98.0,23377.0,3.147,4.259,6.483,0.4,11.2,2.0,28.0,
584,N04A,"HYSTERECTOMY FOR N-MAL, MAJC",142.0,19412.0,2.506,3.465,5.383,0.42,7.0,2.0,19.0,
585,N04B,"HYSTERECTOMY FOR N-MAL, MINC",1541.0,13282.0,2.242,2.722,3.683,0.43,3.5,2.0,8.0,
586,N05A,"OOPH&COM FAL TBE INTERVT N-MAL, MAJC",54.0,17092.0,2.109,4.74,4.74,0.41,6.2,1.0,21.0,
587,N05B,"OOPH&COM FAL TBE INTERVT N-MAL, MINC",616.0,10151.0,1.499,2.815,2.815,0.47,2.4,1.0,7.0,
588,N06A,"FEM REP SYS RECON INTERVTN, MAJC",45.0,14728.0,2.152,4.084,4.084,0.41,5.5,1.0,19.0,
589,N06B,"FEM REP SYS RECON INTERVTN, MINC",724.0,7007.0,1.157,1.943,1.943,0.56,2.6,1.0,6.0,
590,N07A,"OTH UTRS & ADNX INTERVTN N-MAL, MAJC",854.0,8821.0,1.313,2.446,2.446,0.37,2.5,1.0,7.0,
591,N07B,"OTH UTRS & ADNX INTERVTN N-MAL, MINC",452.0,4954.0,0.869,1.374,1.374,0.39,1.8,1.0,4.0,
592,N08Z,"ENDOS & LAPAR INTERV, FE RE SY",280.0,7554.0,0.942,2.095,2.095,0.35,2.3,1.0,7.0,
593,N09A,"OTH VAG,CERVIX&VULVA INTERVTN, MAJC",188.0,8692.0,0.714,2.41,2.41,0.32,5.7,1.0,22.0,
594,N09B,"OTH VAG,CERVIX&VULVA INTERVTN, MINC",444.0,4241.0,0.531,1.176,1.176,0.3,1.7,1.0,4.0,
595,N10Z,"DXC CURETTGE, DXC HYSTEROSCOPY",609.0,4240.0,0.526,1.176,1.176,0.26,1.9,1.0,5.0,
596,N11A,"OTH FEM REPROD SYS GI, MAJC",89.0,16984.0,1.376,4.71,4.71,0.41,11.3,1.0,28.0,
597,N11B,"OTH FEM REPROD SYS GI, MINC",9.0,7862.0,0.625,2.18,2.18,0.27,2.7,1.0,8.0,
598,N12A,"UTERUS & ADNEXA INTERVTN MALIG, MAJC",33.0,33288.0,3.191,4.054,1.726,9.231,0.26,19.1,4.0,36.0
599,N12B,"UTERUS & ADNEXA INTERVTN MALIG, INTC",139.0,17651.0,2.27,3.145,4.895,0.31,7.5,2.0,21.0,
600,N12C,"UTERUS & ADNEXA INTERVTN MALIG, MINC",420.0,14576.0,2.383,4.042,4.042,0.36,4.2,1.0,13.0,
601,N60A,"FEMALE REPROD SYS MALIG, MAJC",162.0,18519.0,0.198,1.185,1.975,5.136,0.27,18.7,3.0,36.0
602,N60B,"FEMALE REPROD SYS MALIG, MINC",496.0,7774.0,0.103,2.156,2.156,0.17,6.0,1.0,23.0,
603,N61A,"FEM REPROD SYS INFECT, MAJC",82.0,6007.0,0.17,1.666,1.666,0.23,7.0,1.0,24.0,
604,N61B,"FEM REPROD SYS INFECT, MINC",338.0,3072.0,0.076,0.852,0.852,0.28,3.1,1.0,9.0,
605,N62A,"MNSTRL&OTH FEM REPR DIS, MAJC",408.0,4658.0,0.187,1.292,1.292,0.25,4.1,1.0,15.0,
606,N62B,"MNSTRL&OTH FEM REPR DIS, MINC",1916.0,2383.0,0.145,0.661,0.661,0.24,2.1,1.0,6.0,
607,O01A,"CAESAREAN DELIVERY, MAJC",1452.0,13396.0,0.753,1.345,1.185,3.715,0.33,7.8,3.0,20.0
608,O01B,"CAESAREAN DELIVERY, INTC",7306.0,7956.0,0.613,0.932,0.637,2.206,0.27,4.8,3.0,10.0
609,O01C,"CAESAREAN DELIVERY, MINC",12239.0,5659.0,0.609,0.929,1.569,0.27,3.5,2.0,6.0,
610,O02A,"VAGINAL DELIVERY +GI, MAJC",149.0,11315.0,0.546,1.41,3.138,0.3,4.5,2.0,10.0,
611,O02B,"VAGINAL DELIVERY +GI, MINC",596.0,7235.0,0.543,1.031,2.006,0.38,3.2,2.0,7.0,
612,O03Z,ECTOPIC PREGNANCY,676.0,6504.0,0.285,1.804,1.804,0.38,1.9,1.0,5.0,
613,O04A,"POSTPARTUM&POST ABORTN+GI, MAJC",65.0,15701.0,1.089,4.354,4.354,0.58,5.4,1.0,19.0,
614,O04B,"POSTPARTUM&POST ABORTN+GI, MINC",202.0,5021.0,0.878,1.392,1.392,0.59,2.2,1.0,6.0,
615,O05Z,ABORTION WITH GI,2373.0,3619.0,0.602,1.004,1.004,0.34,1.5,1.0,3.0,
616,O60A,"VAGINAL DELIVERY, MAJC",3051.0,8165.0,0.189,0.881,2.264,0.34,4.1,2.0,10.0,
617,O60B,"VAGINAL DELIVERY, INTC",14461.0,5610.0,0.185,1.556,1.556,0.34,2.8,1.0,6.0,
618,O60C,"VAGINAL DELIVERY, MINC",13867.0,4428.0,0.153,1.228,1.228,0.3,2.1,1.0,5.0,
619,O61A,"POSTPART&POST ABORTN -GI, MAJC",356.0,4785.0,0.194,1.327,1.327,0.32,3.5,1.0,11.0,
620,O61B,"POSTPART&POST ABORTN -GI, MINC",2942.0,2619.0,0.128,0.726,0.726,0.24,2.3,1.0,6.0,
621,O63A,"ABORTION W/O GI, MAJC",264.0,3048.0,0.141,0.845,0.845,0.28,1.8,1.0,5.0,
622,O63B,"ABORTION W/O GI, MINC",2090.0,1364.0,0.125,0.378,0.378,0.25,1.3,1.0,3.0,
623,O66A,"ANTENATAL&OTH OBS ADM, MAJC",3381.0,3097.0,0.154,0.859,0.859,0.24,2.6,1.0,8.0,
624,O66B,"ANTENATAL&OTH OBS ADM, INTC",11510.0,2002.0,0.135,0.555,0.555,0.22,1.8,1.0,5.0,
625,O66C,"ANTENATAL&OTH OBS ADM, MINC",20953.0,2002.0,0.135,0.555,0.555,0.29,1.6,1.0,3.0,
626,P01Z,"NEONATE W SIG GI/VENT, D/TR<5D",35.0,10118.0,0.347,2.806,2.806,0.69,2.6,1.0,7.0,
627,P02Z,"NEO,CARDIOTHORACIC/VASCULAR IN",58.0,101284.0,8.238,9.183,1.891,28.088,1.0,28.4,11.0,45.0
628,P03A,"NEO,ADMWT 1000-1499G+GI/V, MAJC",44.0,79869.0,0.223,0.44,0.434,22.149,0.3,68.4,51.0,85.0
629,P03B,"NEO,ADMWT 1000-1499G+GI/V, MINC",163.0,62935.0,0.223,0.515,0.584,17.453,0.36,46.7,30.0,64.0
630,P04A,"NEO,ADMWT 1500-1999G+GI/V, MAJC",33.0,198245.0,0.384,0.884,1.002,54.977,0.77,71.7,55.0,89.0
631,P04B,"NEO,ADMWT 1500-1999G+GI/V, MINC",145.0,46416.0,0.208,0.645,0.873,12.872,0.39,31.9,15.0,49.0
632,P05A,"NEO,ADMWT 2000-2499G+GI/V, MAJC",12.0,59852.0,0.217,0.37,0.306,16.598,0.19,71.1,54.0,88.0
633,P05B,"NEO,ADMWT 2000-2499G+GI/V, MINC",87.0,38054.0,0.209,1.005,1.591,10.553,0.42,22.5,7.0,39.0
634,P06A,"NEO,ADMWT >=2500G+GI/VENT, MAJC",112.0,110232.0,0.447,1.088,1.282,30.569,0.89,40.8,24.0,58.0
635,P06B,"NEO,ADMWT >=2500G+GI/VENT, MINC",299.0,37176.0,0.381,3.691,10.309,0.74,12.0,2.0,29.0,
636,P07Z,"NEONATE, ADMWT <750G +GI",8.0,110270.0,0.367,0.692,0.65,30.58,0.42,64.3,47.0,81.0
637,P08Z,"NEONATE, ADMWT 750-999G +GI",12.0,181695.0,5.234,6.284,2.1,50.387,0.0,22.0,22.0,22.0
638,P60A,"NEONATE -GI/V, D/TR<5D, MAJC",97.0,7286.0,0.43,2.021,2.021,0.86,2.3,1.0,5.0,
639,P60B,"NEONATE -GI/V, D/TR<5D, MINC",480.0,4655.0,0.194,1.291,1.291,0.6,1.7,1.0,4.0,
640,P61Z,"NEONATE, ADMWT <750G -GI",97.0,115851.0,0.386,0.727,0.683,32.128,0.44,64.3,47.0,81.0
641,P62A,"NEO, ADMWT 750-999G -GI, MAJC",23.0,134025.0,0.448,0.709,0.521,37.168,0.37,88.4,71.0,105.0
642,P62B,"NEO, ADMWT 750-999G -GI, MINC",88.0,96931.0,0.343,0.655,0.624,26.881,0.34,59.6,43.0,77.0
643,P63A,"NEO,ADMWT 1000-1249G-GI/V, MAJC",11.0,71416.0,0.196,0.566,0.74,19.805,0.11,44.2,27.0,61.0
644,P63B,"NEO,ADMWT 1000-1249G-GI/V, MINC",25.0,50617.0,0.196,0.551,0.71,14.037,0.42,36.7,20.0,54.0
645,P64A,"NEO,ADMWT 1250-1499G-GI/V, MAJC",17.0,77271.0,0.172,0.69,1.037,21.429,0.2,37.6,21.0,55.0
646,P64B,"NEO,ADMWT 1250-1499G-GI/V, MINC",65.0,51006.0,0.172,0.689,1.035,14.145,0.44,29.9,14.0,47.0
647,P65A,"NEO,ADMWT 1500-1999G-GI/V, EXTC",18.0,44582.0,0.238,0.605,0.735,12.363,0.39,34.3,17.0,51.0
648,P65B,"NEO,ADMWT 1500-1999G-GI/V, MAJC",25.0,40432.0,0.238,0.644,0.813,11.213,0.43,27.8,14.0,45.0
649,P65C,"NEO,ADMWT 1500-1999G-GI/V, INTC",188.0,36436.0,0.21,0.792,1.164,10.104,0.38,21.6,9.0,39.0
650,P65D,"NEO,ADMWT 1500-1999G-GI/V, MINC",323.0,25375.0,0.209,1.184,1.951,7.037,0.43,14.7,4.0,32.0
651,P66A,"NEO,ADMWT 2000-2499G-GI/V, EXTC",122.0,37103.0,0.252,1.164,1.825,10.289,0.49,16.9,6.0,34.0
652,P66B,"NEO,ADMWT 2000-2499G-GI/V, MAJC",549.0,25850.0,0.247,2.554,7.169,0.49,10.6,2.0,28.0,
653,P66C,"NEO,ADMWT 2000-2499G-GI/V, INTC",279.0,14658.0,0.204,4.065,4.065,0.4,7.3,1.0,24.0,
654,P66D,"NEO,ADMWT 2000-2499G-GI/V, MINC",524.0,6396.0,0.183,1.774,1.774,0.41,3.5,1.0,12.0,
655,P67A,"NEO,WT>=2500G-GI/V,<37WKS, EXTC",74.0,40409.0,0.302,2.483,4.362,11.206,0.56,14.5,3.0,32.0
656,P67B,"NEO,WT>=2500G-GI/V,<37WKS, MAJC",84.0,39218.0,0.295,3.822,10.876,0.6,10.7,2.0,28.0,
657,P67C,"NEO,WT>=2500G-GI/V,<37WKS, INTC",230.0,19909.0,0.253,2.009,5.521,0.5,8.0,2.0,25.0,
658,P67D,"NEO,WT>=2500G-GI/V,<37WKS, MINC",488.0,12643.0,0.234,3.506,3.506,0.47,4.9,1.0,19.0,
659,P68A,"NEO,W>=2500G-GI/V,>=37WKS, EXTC",523.0,20677.0,0.324,2.127,5.734,0.63,8.7,2.0,26.0,
660,P68B,"NEO,W>=2500G-GI/V,>=37WKS, MAJC",1153.0,9521.0,0.289,2.64,2.64,0.56,4.2,1.0,14.0,
661,P68C,"NEO,W>=2500G-GI/V,>=37WKS, INTC",2159.0,5474.0,0.175,1.518,1.518,0.48,2.8,1.0,8.0,
662,P68D,"NEO,W>=2500G-GI/V,>=37WKS, MINC",4234.0,3242.0,0.141,0.899,0.899,0.37,2.1,1.0,5.0,
663,Q01Z,SPLENECTOMY,32.0,23849.0,2.277,3.722,6.614,0.59,9.5,2.0,27.0,
664,Q02A,"BLD&IMM SYS DIS+OTH GI, MAJC",77.0,31527.0,1.119,1.966,1.694,8.743,0.32,21.6,5.0,39.0
665,Q02B,"BLD&IMM SYS DIS+OTH GI, MINC",171.0,8764.0,0.393,2.43,2.43,0.27,5.6,1.0,23.0,
666,Q60A,"RETICLENDO&IMMUNITY DIS, MAJC",1012.0,14485.0,0.268,4.017,4.017,0.51,7.2,1.0,24.0,
667,Q60B,"RETICLENDO&IMMUNITY DIS, MINC",625.0,6026.0,0.119,1.671,1.671,0.36,3.7,1.0,13.0,
668,Q61A,"RED BLOOD CELL DISORDERS, MAJC",1604.0,10879.0,0.278,1.191,3.017,0.26,10.1,2.0,27.0,
669,Q61B,"RED BLOOD CELL DISORDERS, INTC",2245.0,5348.0,0.18,1.483,1.483,0.23,4.5,1.0,17.0,
670,Q61C,"RED BLOOD CELL DISORDERS, MINC",2803.0,4005.0,0.167,1.111,1.111,0.18,3.3,1.0,11.0,
671,Q62A,"COAGULATION DISORDERS, MAJC",225.0,16090.0,0.29,4.462,4.462,0.52,9.6,1.0,27.0,
672,Q62B,"COAGULATION DISORDERS, MINC",728.0,5348.0,0.148,1.483,1.483,0.34,3.5,1.0,12.0,
673,R01A,"LYMPHMA&LEUKMA+MJR GI, MAJC",36.0,61467.0,2.043,2.377,0.667,17.046,0.31,40.5,23.0,57.0
674,R01B,"LYMPHMA&LEUKMA+MJR GI, MINC",77.0,19670.0,1.392,5.455,5.455,0.4,12.2,1.0,29.0,
675,R02A,"OTH NPLSTC DIS+MJR GI, MAJC",23.0,51139.0,4.851,5.152,0.602,14.182,0.56,32.6,16.0,50.0
676,R02B,"OTH NPLSTC DIS+MJR GI, INTC",43.0,17983.0,2.272,3.177,4.987,0.31,8.8,2.0,26.0,
677,R02C,"OTH NPLSTC DIS+MJR GI, MINC",153.0,12284.0,1.84,3.407,3.407,0.34,3.9,1.0,14.0,
678,R03A,"LYMPHMA&LEUKMA+OTH GI, MAJC",63.0,81529.0,0.862,1.207,0.69,22.609,0.3,48.8,32.0,66.0
679,R03B,"LYMPHMA&LEUKMA+OTH GI, INTC",81.0,45816.0,0.886,1.96,2.149,12.706,0.84,23.3,6.0,40.0
680,R03C,"LYMPHMA&LEUKMA+OTH GI, MINC",238.0,12470.0,0.509,3.458,3.458,0.35,8.8,1.0,26.0,
681,R04A,"OTH NPLSTC DIS+OTH GI, MAJC",34.0,17951.0,0.977,4.978,4.978,0.26,13.4,1.0,30.0,
682,R04B,"OTH NPLSTC DIS+OTH GI, MINC",145.0,8006.0,0.383,2.22,2.22,0.19,5.4,1.0,22.0,
683,R05A,"ALLOGENEIC BMT, AGE<=16Y/MAJC",46.0,162007.0,0.806,1.506,1.401,44.928,0.9,48.7,32.0,66.0
684,R05B,"ALLOGENEIC BMT, AGE>=17Y+MINC",70.0,87923.0,0.596,1.316,1.442,24.383,0.7,34.1,17.0,51.0
685,R06A,"AUTOLOGOUS BMT, MAJC",19.0,79140.0,0.523,1.261,1.478,21.947,0.94,32.1,15.0,49.0
686,R06B,"AUTOLOGOUS BMT, INTC",56.0,41799.0,0.525,0.967,0.885,11.592,0.44,21.4,13.0,34.0
687,R06C,"AUTOLOGOUS BMT, MINC",73.0,31386.0,0.542,3.263,8.704,0.53,17.3,2.0,34.0,
688,R60A,"ACUTE LEUKAEMIA, MAJC",289.0,63520.0,0.311,1.135,1.648,17.615,0.47,27.6,11.0,45.0
689,R60B,"ACUTE LEUKAEMIA, INTC",495.0,30207.0,0.306,8.377,8.377,0.48,12.9,1.0,30.0,
690,R60C,"ACUTE LEUKAEMIA, MINC",230.0,12204.0,0.314,3.384,3.384,0.41,6.5,1.0,23.0,
691,R61A,"LYMPHOMA&N-ACUTE LEUK, MAJC",942.0,21794.0,0.271,2.195,6.044,0.4,19.1,2.0,36.0,
692,R61B,"LYMPHOMA&N-ACUTE LEUK, INTC",1485.0,9145.0,0.259,2.536,2.536,0.27,6.4,1.0,23.0,
693,R61C,"LYMPHOMA&N-ACUTE LEUK, MINC",788.0,5451.0,0.263,1.512,1.512,0.31,3.8,1.0,13.0,
694,R62A,"OTHER NEOPLASTIC DIS, MAJC",77.0,11202.0,0.147,0.57,0.846,3.107,0.15,21.1,4.0,38.0
695,R62B,"OTHER NEOPLASTIC DIS, INTC",128.0,5009.0,0.104,1.389,1.389,0.14,8.0,1.0,25.0,
696,R62C,"OTHER NEOPLASTIC DIS, MINC",124.0,3724.0,0.086,1.033,1.033,0.11,5.6,1.0,22.0,
697,T01A,"INFECT&PARAS DIS +GI, MAJC",63.0,96523.0,2.422,2.731,0.616,26.768,0.57,56.5,40.0,74.0
698,T01B,"INFECT&PARAS DIS +GI, INTC",129.0,42907.0,1.733,2.175,0.884,11.899,0.37,29.0,12.0,46.0
699,T01C,"INFECT&PARAS DIS +GI, MINC",407.0,18273.0,1.173,2.471,5.067,0.35,14.8,2.0,32.0,
700,T40Z,INFECT&PARASTIC DIS +VENT SUPP,41.0,38921.0,0.386,3.855,10.793,0.47,14.2,2.0,31.0,
701,T60A,"SEPTICAEMIA, MAJC",332.0,35179.0,0.26,0.76,1.0,9.756,0.35,27.2,10.0,44.0
702,T60B,"SEPTICAEMIA, INTC",1210.0,14712.0,0.158,1.465,4.08,0.26,14.9,2.0,32.0,
703,T60C,"SEPTICAEMIA, MINC",2018.0,8547.0,0.136,0.881,2.37,0.25,8.7,2.0,26.0,
704,T61A,"POSTOP INFECT, MAJC",255.0,10321.0,0.253,1.123,2.862,0.28,11.4,2.0,28.0,
705,T61B,"POSTOP INFECT, MINC",749.0,4923.0,0.194,1.365,1.365,0.24,5.5,1.0,19.0,
706,T62A,"FEVER OF UNKNOWN ORIGIN, MAJC",357.0,10975.0,0.21,3.044,3.044,0.37,7.1,1.0,24.0,
707,T62B,"FEVER OF UNKNOWN ORIGIN, MINC",1584.0,5513.0,0.194,1.529,1.529,0.43,3.3,1.0,11.0,
708,T63A,"VIRAL ILLNESS, MAJC",531.0,9331.0,0.259,2.588,2.588,0.5,8.1,1.0,25.0,
709,T63B,"VIRAL ILLNESS, MINC",2912.0,3971.0,0.133,1.101,1.101,0.38,2.3,1.0,6.0,
710,T64A,"OTH INFECT&PARASITIC DIS, MAJC",79.0,37739.0,0.271,0.807,1.073,10.466,0.37,27.0,10.0,44.0
711,T64B,"OTH INFECT&PARASITIC DIS, INTC",269.0,14445.0,0.234,1.491,4.006,0.42,12.9,2.0,30.0,
712,T64C,"OTH INFECT&PARASITIC DIS, MINC",455.0,6701.0,0.071,1.858,1.858,0.41,6.6,1.0,24.0,
713,U40Z,"MTL HEALTH TREAT+ECT, SD",,1389.0,0.385,0.5,0.5,0.5,,,,
714,U60Z,"MENTAL HEALTH -ECT, SD",685.0,683.0,0.189,0.5,0.5,0.5,,,,
715,U61A,"SCHIZOPHRENIA DISORDERS, MAJC",32.0,20937.0,0.134,0.279,0.291,5.806,0.2,37.2,20.0,54.0
716,U61B,"SCHIZOPHRENIA DISORDERS, MINC",22.0,5300.0,0.087,1.47,1.47,0.17,7.0,1.0,24.0,
717,U62A,"PARA&ACUTE PSYCH DIS, MAJC",38.0,24463.0,0.3,0.524,0.447,6.784,0.29,32.0,15.0,49.0
718,U62B,"PARA&ACUTE PSYCH DIS, MINC",83.0,6553.0,0.102,1.817,1.817,0.16,9.5,1.0,26.0,
719,U63A,"MAJOR AFFECTIVE DIS, MAJC",58.0,15452.0,0.132,0.35,0.437,4.285,0.21,27.3,10.0,44.0
720,U63B,"MAJOR AFFECTIVE DIS, MINC",67.0,7836.0,0.132,2.173,2.173,0.19,9.8,1.0,27.0,
721,U64A,"OTH AFFECT&SOMATOFRM DIS, MAJC",44.0,15768.0,0.211,4.373,4.373,0.26,13.9,1.0,31.0,
722,U64B,"OTH AFFECT&SOMATOFRM DIS, MINC",88.0,4898.0,0.107,1.358,1.358,0.21,4.8,1.0,19.0,
723,U65A,"ANXIETY DISORDERS, MAJC",125.0,10457.0,0.137,2.9,2.9,0.27,13.6,1.0,31.0,
724,U65B,"ANXIETY DISORDERS, MINC",379.0,4822.0,0.134,1.337,1.337,0.26,4.5,1.0,17.0,
725,U66A,"EATNG&OBSESSV-COMPLSV DIS, MAJC",69.0,59801.0,0.275,0.741,0.932,16.584,0.46,35.1,18.0,52.0
726,U66B,"EATNG&OBSESSV-COMPLSV DIS, MINC",331.0,21796.0,0.201,2.149,6.044,0.4,15.9,2.0,33.0,
727,U67A,"PERSONLTY DIS&ACUTE REACT, MAJC",59.0,19109.0,0.623,0.898,0.55,5.299,0.29,26.2,9.0,43.0
728,U67B,"PERSONLTY DIS&ACUTE REACT, MINC",167.0,7837.0,0.358,2.173,2.173,0.25,6.8,1.0,24.0,
729,U68A,"CHILDHOOD MENTAL DIS, MAJC",29.0,9138.0,0.488,2.534,2.534,0.83,14.5,1.0,31.0,
730,U68B,"CHILDHOOD MENTAL DIS, MINC",61.0,8845.0,0.473,2.453,2.453,0.91,3.7,1.0,13.0,
731,V60A,"ALCOHOL INTOX & WITHDRWL, MAJC",847.0,5763.0,0.127,1.598,1.598,0.2,8.0,1.0,25.0,
732,V60B,"ALCOHOL INTOX & WITHDRWL, MINC",1614.0,2571.0,0.11,0.713,0.713,0.2,3.7,1.0,12.0,
733,V61A,"DRUG INTOXN&WITHDRAWAL, MAJC",46.0,6971.0,0.196,1.933,1.933,0.2,8.3,1.0,25.0,
734,V61B,"DRUG INTOXN&WITHDRAWAL, MINC",167.0,3058.0,0.124,0.848,0.848,0.23,3.7,1.0,13.0,
735,V62A,"ALCOHOL USE & DEPENDENCE, MAJC",68.0,9380.0,0.143,0.962,2.601,0.27,16.3,2.0,33.0,
736,V62B,"ALCOHOL USE & DEPENDENCE, MINC",542.0,2962.0,0.097,0.821,0.821,0.19,4.3,1.0,15.0,
737,V63Z,OPIOID USE & DEPENDENCE,15.0,7985.0,0.243,2.214,2.214,0.48,4.7,1.0,19.0,
738,V64A,"OTH DRUG USE&DEPENDENCE, MAJC",1.0,6282.0,0.191,1.742,1.742,0.23,4.1,1.0,13.0,
739,V64B,"OTH DRUG USE&DEPENDENCE, MINC",40.0,3595.0,0.191,0.997,0.997,0.4,3.6,1.0,12.0,
740,W01A,"VENT/TRACH/CRA INTERVTN FOR MT, MAJC",32.0,247387.0,5.463,5.952,0.979,68.605,0.75,81.8,65.0,99.0
741,W01B,"VENT/TRACH/CRA INTERVTN FOR MT, INTC",36.0,196484.0,4.654,5.269,1.23,54.489,0.6,58.2,41.0,75.0
742,W01C,"VENT/TRACH/CRA INTERVTN FOR MT, MINC",71.0,80465.0,2.987,4.474,2.973,22.314,0.66,24.4,7.0,41.0
743,W02A,"HIP,FMR&LWR LMB INTERVT FOR MT, MAJC",39.0,69732.0,6.374,6.725,0.701,19.338,0.25,36.4,19.0,53.0
744,W02B,"HIP,FMR&LWR LMB INTERVT FOR MT, MINC",91.0,30491.0,3.536,4.238,1.406,8.456,0.21,18.2,4.0,35.0
745,W03Z,ABDOMINAL INTERVTN MULT SIG TR,29.0,33976.0,2.445,3.84,2.791,9.422,0.11,15.7,3.0,33.0
746,W04A,"MULT SIG TRAUMA+OTH GI, MAJC",29.0,65552.0,4.228,4.513,0.569,18.179,0.35,41.6,25.0,59.0
747,W04B,"MULT SIG TRAUMA+OTH GI, MINC",36.0,25180.0,3.575,4.711,6.983,0.47,12.8,2.0,30.0,
748,W60Z,"MULT SIG TRAUMA, TRAN<5D",42.0,9358.0,1.504,2.595,2.595,0.71,2.3,1.0,6.0,
749,W61A,"MULT SIG TRAUMA -GI, MAJC",141.0,27622.0,0.37,1.032,1.326,7.66,0.32,22.9,6.0,40.0
750,W61B,"MULT SIG TRAUMA -GI, MINC",156.0,10964.0,0.169,3.041,3.041,0.23,11.5,1.0,29.0,
751,X02A,"MVSCLR TT/SKN GR INJ HAND, MAJC",12.0,26834.0,3.813,7.442,7.442,0.85,9.4,1.0,26.0,
752,X02B,"MVSCLR TT/SKN GR INJ HAND, MINC",50.0,9665.0,1.452,2.68,2.68,0.4,2.7,1.0,8.0,
753,X04A,"OTH INTERVTN INJURIES LWR LIMB, MAJC",54.0,29631.0,1.857,2.436,1.156,8.217,0.34,23.0,6.0,40.0
754,X04B,"OTH INTERVTN INJURIES LWR LIMB, MINC",189.0,6824.0,1.09,1.892,1.892,0.2,2.9,1.0,9.0,
755,X05A,"OTH INTERVTN FOR INJ TO HAND, MAJC",161.0,9043.0,1.584,2.508,2.508,0.39,3.6,1.0,12.0,
756,X05B,"OTH INTERVTN FOR INJ TO HAND, MINC",1043.0,5151.0,0.456,1.428,1.428,0.86,1.7,1.0,4.0,
757,X06A,"OTH INTERVTN FOR OTH INJURIES, MAJC",146.0,26212.0,1.644,3.519,7.269,0.41,18.8,2.0,36.0,
758,X06B,"OTH INTERVTN FOR OTH INJURIES, INTC",270.0,11173.0,1.16,3.098,3.098,0.41,6.2,1.0,23.0,
759,X06C,"OTH INTERVTN FOR OTH INJURIES, MINC",952.0,6096.0,0.527,1.69,1.69,0.35,2.9,1.0,9.0,
760,X07A,"SKIN GRAFT, INJ EXCL HAND, MAJC",18.0,45893.0,3.655,3.876,0.443,12.727,0.34,37.8,21.0,55.0
761,X07B,"SKIN GRAFT, INJ EXCL HAND, INTC",25.0,18616.0,1.788,2.913,5.163,0.35,14.6,2.0,32.0,
762,X07C,"SKIN GRAFT, INJ EXCL HAND, MINC",51.0,11753.0,1.411,3.259,3.259,0.32,7.2,1.0,24.0,
763,X40A,"INJ,POIS,TOX EF+VENT SUPP, MAJC",34.0,31620.0,0.388,2.064,3.352,8.769,0.32,17.0,3.0,34.0
764,X40B,"INJ,POIS,TOX EF+VENT SUPP, MINC",59.0,17841.0,0.308,1.855,4.948,0.39,6.3,2.0,19.0,
765,X60A,"INJURIES, MAJC",1366.0,8534.0,0.198,2.367,2.367,0.22,13.1,1.0,30.0,
766,X60B,"INJURIES, MINC",3242.0,3060.0,0.193,0.849,0.849,0.2,3.1,1.0,11.0,
767,X61A,"ALLERGIC REACTIONS, MAJC",74.0,4355.0,0.141,1.208,1.208,0.24,4.0,1.0,15.0,
768,X61B,"ALLERGIC REACTIONS, MINC",315.0,1509.0,0.139,0.418,0.418,0.28,1.5,1.0,3.0,
769,X62A,"POISON/TOXIC EFF DRUGS, MAJC",1293.0,6054.0,0.136,1.679,1.679,0.23,5.6,1.0,22.0,
770,X62B,"POISON/TOXIC EFF DRUGS, MINC",2432.0,2277.0,0.084,0.632,0.632,0.23,2.2,1.0,6.0,
771,X63A,"SEQUELAE OF TREATMENT, MAJC",494.0,9714.0,0.26,2.694,2.694,0.35,8.5,1.0,25.0,
772,X63B,"SEQUELAE OF TREATMENT, MINC",1689.0,3485.0,0.111,0.966,0.966,0.27,2.9,1.0,9.0,
773,X64A,"OTH INJ,POIS&TOXIC EFFCTS, MAJC",547.0,15809.0,0.153,0.623,0.94,4.384,0.24,21.9,5.0,39.0
774,X64B,"OTH INJ,POIS&TOXIC EFFCTS, INTC",683.0,5471.0,0.126,1.517,1.517,0.23,9.8,1.0,27.0,
775,X64C,"OTH INJ,POIS&TOXIC EFFCTS, MINC",706.0,2583.0,0.126,0.716,0.716,0.17,3.3,1.0,12.0,
776,Y01Z,VENT/TRACH/GI SEV BURN,18.0,327481.0,9.191,10.016,1.649,90.817,1.38,67.3,50.0,84.0
777,Y02A,"SKIN GRAFT OTHER BURNS, MAJC",30.0,50542.0,2.353,3.039,1.372,14.016,0.63,25.9,9.0,43.0
778,Y02B,"SKIN GRAFT OTHER BURNS, INTC",42.0,34917.0,1.682,4.349,9.683,0.83,12.2,2.0,29.0,
779,Y02C,"SKIN GRAFT OTHER BURNS, MINC",36.0,19409.0,1.355,5.383,5.383,0.55,7.9,1.0,25.0,
780,Y03A,"OTH GI FOR OTHER BURNS, MAJC",22.0,15040.0,1.316,4.171,4.171,0.42,10.1,1.0,27.0,
781,Y03B,"OTH GI FOR OTHER BURNS, MINC",33.0,13929.0,0.357,3.863,3.863,0.38,5.1,1.0,20.0,
782,Y60Z,"BURNS, TR<5D",33.0,1827.0,0.235,0.507,0.507,0.38,1.3,1.0,3.0,
783,Y61Z,SEVERE BURNS,56.0,11626.0,0.228,3.224,3.224,0.44,8.4,1.0,25.0,
784,Y62A,"OTHER BURNS, MAJC",60.0,15727.0,0.206,4.361,4.361,0.35,14.6,1.0,32.0,
785,Y62B,"OTHER BURNS, MINC",152.0,5907.0,0.115,1.638,1.638,0.55,3.0,1.0,10.0,
786,Z01A,"OTH CNT HLTH SRV +GI, MAJC",77.0,23642.0,2.027,6.556,6.556,0.32,16.9,1.0,34.0,
787,Z01B,"OTH CNT HLTH SRV +GI, MINC",222.0,10252.0,0.747,2.843,2.843,0.35,1.9,1.0,5.0,
788,Z40Z,OTH CONTCT HLTH SRV +ENDOSCOPY,201.0,13603.0,0.22,3.772,3.772,0.12,10.6,1.0,28.0,
789,Z61A,"SIGNS & SYMPTOMS, MAJC",1063.0,8240.0,0.143,2.285,2.285,0.22,10.3,1.0,27.0,
790,Z61B,"SIGNS & SYMPTOMS, MINC",2540.0,3857.0,0.107,1.07,1.07,0.23,4.0,1.0,15.0,
791,Z63A,"OTH FLLW UP SURG/MED CARE, MAJC",760.0,16516.0,0.157,1.631,4.58,0.3,17.0,2.0,34.0,
792,Z63B,"OTH FLLW UP SURG/MED CARE, MINC",903.0,5514.0,0.137,1.529,1.529,0.26,5.3,1.0,21.0,
793,Z64A,"OTH FACTORS INFL HLTH ST, MAJC",489.0,5184.0,0.116,1.438,1.438,0.24,10.3,1.0,27.0,
794,Z64B,"OTH FACTORS INFL HLTH ST, MINC",1591.0,2201.0,0.11,0.61,0.61,0.16,2.6,1.0,8.0,
795,Z65Z,CONGNTL ANML&PROB FR NEO PERD,43.0,10316.0,0.241,2.861,2.861,0.94,5.7,1.0,22.0,
796,Z66Z,SLEEP DISORDER,562.0,1071.0,0.114,0.297,0.297,0.23,1.0,1.0,1.0,
